{
  "ABIRoot": {
    "kind": "Root",
    "name": "ISApptimismCustomAdapter",
    "printedName": "ISApptimismCustomAdapter",
    "children": [
      {
        "kind": "Import",
        "name": "ApptimismSDK",
        "printedName": "ApptimismSDK",
        "declKind": "Import",
        "moduleName": "ISApptimismCustomAdapter",
        "declAttributes": [
          "SPIAccessControl",
          "RawDocComment"
        ]
      },
      {
        "kind": "Import",
        "name": "IronSource",
        "printedName": "IronSource",
        "declKind": "Import",
        "moduleName": "ISApptimismCustomAdapter"
      },
      {
        "kind": "TypeDecl",
        "name": "ISApptimismCustomBanner",
        "printedName": "ISApptimismCustomBanner",
        "children": [
          {
            "kind": "Constructor",
            "name": "init",
            "printedName": "init(adUnit:adapterConfig:)",
            "children": [
              {
                "kind": "TypeNominal",
                "name": "ISApptimismCustomBanner",
                "printedName": "ISApptimismCustomAdapter.ISApptimismCustomBanner",
                "usr": "c:@M@ISApptimismCustomAdapter@objc(cs)ISApptimismCustomBanner"
              },
              {
                "kind": "TypeNominal",
                "name": "ISAdUnit",
                "printedName": "IronSource.ISAdUnit",
                "usr": "c:objc(cs)ISAdUnit"
              },
              {
                "kind": "TypeNominal",
                "name": "ISAdapterConfig",
                "printedName": "IronSource.ISAdapterConfig",
                "usr": "c:objc(cs)ISAdapterConfig"
              }
            ],
            "declKind": "Constructor",
            "usr": "c:@M@ISApptimismCustomAdapter@objc(cs)ISApptimismCustomBanner(im)initWithAdUnit:adapterConfig:",
            "mangledName": "$s24ISApptimismCustomAdapter0aB6BannerC6adUnit13adapterConfigACSo04ISAdF0C_So09ISAdapterH0Ctcfc",
            "moduleName": "ISApptimismCustomAdapter",
            "overriding": true,
            "objc_name": "initWithAdUnit:adapterConfig:",
            "declAttributes": [
              "Dynamic",
              "ObjC",
              "AccessControl",
              "Override",
              "RawDocComment"
            ],
            "init_kind": "Designated"
          },
          {
            "kind": "Constructor",
            "name": "init",
            "printedName": "init(adUnit:adapterConfig:adUnitObjectId:)",
            "children": [
              {
                "kind": "TypeNominal",
                "name": "ISApptimismCustomBanner",
                "printedName": "ISApptimismCustomAdapter.ISApptimismCustomBanner",
                "usr": "c:@M@ISApptimismCustomAdapter@objc(cs)ISApptimismCustomBanner"
              },
              {
                "kind": "TypeNominal",
                "name": "ISAdUnit",
                "printedName": "IronSource.ISAdUnit",
                "usr": "c:objc(cs)ISAdUnit"
              },
              {
                "kind": "TypeNominal",
                "name": "ISAdapterConfig",
                "printedName": "IronSource.ISAdapterConfig",
                "usr": "c:objc(cs)ISAdapterConfig"
              },
              {
                "kind": "TypeNominal",
                "name": "Optional",
                "printedName": "Foundation.UUID?",
                "children": [
                  {
                    "kind": "TypeNominal",
                    "name": "UUID",
                    "printedName": "Foundation.UUID",
                    "usr": "s:10Foundation4UUIDV"
                  }
                ],
                "usr": "s:Sq"
              }
            ],
            "declKind": "Constructor",
            "usr": "c:@M@ISApptimismCustomAdapter@objc(cs)ISApptimismCustomBanner(im)initWithAdUnit:adapterConfig:adUnitObjectId:",
            "mangledName": "$s24ISApptimismCustomAdapter0aB6BannerC6adUnit13adapterConfig0eF8ObjectIdACSo04ISAdF0C_So09ISAdapterH0C10Foundation4UUIDVSgtcfc",
            "moduleName": "ISApptimismCustomAdapter",
            "overriding": true,
            "objc_name": "initWithAdUnit:adapterConfig:adUnitObjectId:",
            "declAttributes": [
              "Dynamic",
              "ObjC",
              "AccessControl",
              "Override"
            ],
            "init_kind": "Designated"
          },
          {
            "kind": "Constructor",
            "name": "init",
            "printedName": "init(_:)",
            "children": [
              {
                "kind": "TypeNominal",
                "name": "ISApptimismCustomBanner",
                "printedName": "ISApptimismCustomAdapter.ISApptimismCustomBanner",
                "usr": "c:@M@ISApptimismCustomAdapter@objc(cs)ISApptimismCustomBanner"
              },
              {
                "kind": "TypeNominal",
                "name": "ISAdapterConfig",
                "printedName": "IronSource.ISAdapterConfig",
                "usr": "c:objc(cs)ISAdapterConfig"
              }
            ],
            "declKind": "Constructor",
            "usr": "c:@M@ISApptimismCustomAdapter@objc(cs)ISApptimismCustomBanner(im)init:",
            "mangledName": "$s24ISApptimismCustomAdapter0aB6BannerCyACSo15ISAdapterConfigCcfc",
            "moduleName": "ISApptimismCustomAdapter",
            "overriding": true,
            "objc_name": "init:",
            "declAttributes": [
              "Dynamic",
              "ObjC",
              "AccessControl",
              "Override"
            ],
            "init_kind": "Designated"
          },
          {
            "kind": "Constructor",
            "name": "init",
            "printedName": "init()",
            "children": [
              {
                "kind": "TypeNominal",
                "name": "ISApptimismCustomBanner",
                "printedName": "ISApptimismCustomAdapter.ISApptimismCustomBanner",
                "usr": "c:@M@ISApptimismCustomAdapter@objc(cs)ISApptimismCustomBanner"
              }
            ],
            "declKind": "Constructor",
            "usr": "c:@M@ISApptimismCustomAdapter@objc(cs)ISApptimismCustomBanner(im)init",
            "mangledName": "$s24ISApptimismCustomAdapter0aB6BannerCACycfc",
            "moduleName": "ISApptimismCustomAdapter",
            "overriding": true,
            "objc_name": "init",
            "declAttributes": [
              "Dynamic",
              "ObjC",
              "AccessControl",
              "Override"
            ],
            "init_kind": "Designated"
          },
          {
            "kind": "Function",
            "name": "loadAd",
            "printedName": "loadAd(with:viewController:size:delegate:)",
            "children": [
              {
                "kind": "TypeNominal",
                "name": "Void",
                "printedName": "()"
              },
              {
                "kind": "TypeNominal",
                "name": "ISAdData",
                "printedName": "IronSource.ISAdData",
                "usr": "c:objc(cs)ISAdData"
              },
              {
                "kind": "TypeNominal",
                "name": "UIViewController",
                "printedName": "UIKit.UIViewController",
                "usr": "c:objc(cs)UIViewController"
              },
              {
                "kind": "TypeNominal",
                "name": "ISBannerSize",
                "printedName": "IronSource.ISBannerSize",
                "usr": "c:objc(cs)ISBannerSize"
              },
              {
                "kind": "TypeNominal",
                "name": "ISBannerAdDelegate",
                "printedName": "any IronSource.ISBannerAdDelegate",
                "usr": "c:objc(pl)ISBannerAdDelegate"
              }
            ],
            "declKind": "Func",
            "usr": "c:@M@ISApptimismCustomAdapter@objc(cs)ISApptimismCustomBanner(im)loadAdWithAdData:viewController:size:delegate:",
            "mangledName": "$s24ISApptimismCustomAdapter0aB6BannerC6loadAd4with14viewController4size8delegateySo8ISAdDataC_So06UIViewI0CSo12ISBannerSizeCSo0oF8Delegate_ptF",
            "moduleName": "ISApptimismCustomAdapter",
            "overriding": true,
            "objc_name": "loadAdWithAdData:viewController:size:delegate:",
            "declAttributes": [
              "Final",
              "ObjC",
              "Override",
              "AccessControl",
              "RawDocComment"
            ],
            "funcSelfKind": "NonMutating"
          },
          {
            "kind": "Function",
            "name": "destroyAd",
            "printedName": "destroyAd(with:)",
            "children": [
              {
                "kind": "TypeNominal",
                "name": "Void",
                "printedName": "()"
              },
              {
                "kind": "TypeNominal",
                "name": "ISAdData",
                "printedName": "IronSource.ISAdData",
                "usr": "c:objc(cs)ISAdData"
              }
            ],
            "declKind": "Func",
            "usr": "c:@M@ISApptimismCustomAdapter@objc(cs)ISApptimismCustomBanner(im)destroyAdWithAdData:",
            "mangledName": "$s24ISApptimismCustomAdapter0aB6BannerC9destroyAd4withySo8ISAdDataC_tF",
            "moduleName": "ISApptimismCustomAdapter",
            "overriding": true,
            "objc_name": "destroyAdWithAdData:",
            "declAttributes": [
              "Final",
              "ObjC",
              "Override",
              "AccessControl"
            ],
            "funcSelfKind": "NonMutating"
          },
          {
            "kind": "Function",
            "name": "onBannerDisplayed",
            "printedName": "onBannerDisplayed(_:)",
            "children": [
              {
                "kind": "TypeNominal",
                "name": "Void",
                "printedName": "()"
              },
              {
                "kind": "TypeNominal",
                "name": "BannerAd",
                "printedName": "ApptimismSDK.BannerAd",
                "usr": "c:@M@ApptimismSDK@objc(cs)ApptimismBannerAd"
              }
            ],
            "declKind": "Func",
            "usr": "c:@CM@ISApptimismCustomAdapter@objc(cs)ISApptimismCustomBanner(im)onBannerDisplayed:",
            "mangledName": "$s24ISApptimismCustomAdapter0aB6BannerC02onD9Displayedyy12ApptimismSDK0D2AdCF",
            "moduleName": "ISApptimismCustomAdapter",
            "objc_name": "onBannerDisplayed:",
            "declAttributes": [
              "Final",
              "ObjC",
              "AccessControl"
            ],
            "isFromExtension": true,
            "funcSelfKind": "NonMutating"
          },
          {
            "kind": "Function",
            "name": "onBannerClicked",
            "printedName": "onBannerClicked(_:)",
            "children": [
              {
                "kind": "TypeNominal",
                "name": "Void",
                "printedName": "()"
              },
              {
                "kind": "TypeNominal",
                "name": "BannerAd",
                "printedName": "ApptimismSDK.BannerAd",
                "usr": "c:@M@ApptimismSDK@objc(cs)ApptimismBannerAd"
              }
            ],
            "declKind": "Func",
            "usr": "c:@CM@ISApptimismCustomAdapter@objc(cs)ISApptimismCustomBanner(im)onBannerClicked:",
            "mangledName": "$s24ISApptimismCustomAdapter0aB6BannerC02onD7Clickedyy12ApptimismSDK0D2AdCF",
            "moduleName": "ISApptimismCustomAdapter",
            "objc_name": "onBannerClicked:",
            "declAttributes": [
              "Final",
              "ObjC",
              "AccessControl"
            ],
            "isFromExtension": true,
            "funcSelfKind": "NonMutating"
          },
          {
            "kind": "Function",
            "name": "onBannerHidden",
            "printedName": "onBannerHidden(_:)",
            "children": [
              {
                "kind": "TypeNominal",
                "name": "Void",
                "printedName": "()"
              },
              {
                "kind": "TypeNominal",
                "name": "BannerAd",
                "printedName": "ApptimismSDK.BannerAd",
                "usr": "c:@M@ApptimismSDK@objc(cs)ApptimismBannerAd"
              }
            ],
            "declKind": "Func",
            "usr": "c:@CM@ISApptimismCustomAdapter@objc(cs)ISApptimismCustomBanner(im)onBannerHidden:",
            "mangledName": "$s24ISApptimismCustomAdapter0aB6BannerC02onD6Hiddenyy12ApptimismSDK0D2AdCF",
            "moduleName": "ISApptimismCustomAdapter",
            "objc_name": "onBannerHidden:",
            "declAttributes": [
              "Final",
              "ObjC",
              "AccessControl"
            ],
            "isFromExtension": true,
            "funcSelfKind": "NonMutating"
          },
          {
            "kind": "Function",
            "name": "onBannerDisplayFailed",
            "printedName": "onBannerDisplayFailed(_:error:)",
            "children": [
              {
                "kind": "TypeNominal",
                "name": "Void",
                "printedName": "()"
              },
              {
                "kind": "TypeNominal",
                "name": "BannerAd",
                "printedName": "ApptimismSDK.BannerAd",
                "usr": "c:@M@ApptimismSDK@objc(cs)ApptimismBannerAd"
              },
              {
                "kind": "TypeNominal",
                "name": "Error",
                "printedName": "any Swift.Error",
                "usr": "s:s5ErrorP"
              }
            ],
            "declKind": "Func",
            "usr": "c:@CM@ISApptimismCustomAdapter@objc(cs)ISApptimismCustomBanner(im)onBannerDisplayFailed:error:",
            "mangledName": "$s24ISApptimismCustomAdapter0aB6BannerC02onD13DisplayFailed_5errory12ApptimismSDK0D2AdC_s5Error_ptF",
            "moduleName": "ISApptimismCustomAdapter",
            "objc_name": "onBannerDisplayFailed:error:",
            "declAttributes": [
              "Final",
              "ObjC",
              "AccessControl"
            ],
            "isFromExtension": true,
            "funcSelfKind": "NonMutating"
          }
        ],
        "declKind": "Class",
        "usr": "c:@M@ISApptimismCustomAdapter@objc(cs)ISApptimismCustomBanner",
        "mangledName": "$s24ISApptimismCustomAdapter0aB6BannerC",
        "moduleName": "ISApptimismCustomAdapter",
        "objc_name": "ISApptimismCustomBanner",
        "declAttributes": [
          "Final",
          "AccessControl",
          "ObjC"
        ],
        "superclassUsr": "c:objc(cs)ISBaseBanner",
        "inheritsConvenienceInitializers": true,
        "superclassNames": [
          "IronSource.ISBaseBanner",
          "IronSource.ISBaseAdAdapter",
          "ObjectiveC.NSObject"
        ],
        "conformances": [
          {
            "kind": "Conformance",
            "name": "Copyable",
            "printedName": "Copyable",
            "usr": "s:s8CopyableP",
            "mangledName": "$ss8CopyableP"
          },
          {
            "kind": "Conformance",
            "name": "Escapable",
            "printedName": "Escapable",
            "usr": "s:s9EscapableP",
            "mangledName": "$ss9EscapableP"
          },
          {
            "kind": "Conformance",
            "name": "Equatable",
            "printedName": "Equatable",
            "usr": "s:SQ",
            "mangledName": "$sSQ"
          },
          {
            "kind": "Conformance",
            "name": "Hashable",
            "printedName": "Hashable",
            "usr": "s:SH",
            "mangledName": "$sSH"
          },
          {
            "kind": "Conformance",
            "name": "CVarArg",
            "printedName": "CVarArg",
            "usr": "s:s7CVarArgP",
            "mangledName": "$ss7CVarArgP"
          },
          {
            "kind": "Conformance",
            "name": "_KeyValueCodingAndObservingPublishing",
            "printedName": "_KeyValueCodingAndObservingPublishing",
            "usr": "s:10Foundation37_KeyValueCodingAndObservingPublishingP",
            "mangledName": "$s10Foundation37_KeyValueCodingAndObservingPublishingP"
          },
          {
            "kind": "Conformance",
            "name": "_KeyValueCodingAndObserving",
            "printedName": "_KeyValueCodingAndObserving",
            "usr": "s:10Foundation27_KeyValueCodingAndObservingP",
            "mangledName": "$s10Foundation27_KeyValueCodingAndObservingP"
          },
          {
            "kind": "Conformance",
            "name": "CustomStringConvertible",
            "printedName": "CustomStringConvertible",
            "usr": "s:s23CustomStringConvertibleP",
            "mangledName": "$ss23CustomStringConvertibleP"
          },
          {
            "kind": "Conformance",
            "name": "CustomDebugStringConvertible",
            "printedName": "CustomDebugStringConvertible",
            "usr": "s:s28CustomDebugStringConvertibleP",
            "mangledName": "$ss28CustomDebugStringConvertibleP"
          },
          {
            "kind": "Conformance",
            "name": "BannerAdDelegate",
            "printedName": "BannerAdDelegate",
            "usr": "c:@M@ApptimismSDK@objc(pl)ApptimismBannerAdDelegate",
            "mangledName": "$s12ApptimismSDK16BannerAdDelegateP"
          }
        ]
      },
      {
        "kind": "Import",
        "name": "Foundation",
        "printedName": "Foundation",
        "declKind": "Import",
        "moduleName": "ISApptimismCustomAdapter",
        "declAttributes": [
          "RawDocComment"
        ]
      },
      {
        "kind": "Import",
        "name": "ApptimismSDK",
        "printedName": "ApptimismSDK",
        "declKind": "Import",
        "moduleName": "ISApptimismCustomAdapter",
        "declAttributes": [
          "SPIAccessControl"
        ]
      },
      {
        "kind": "Import",
        "name": "IronSource",
        "printedName": "IronSource",
        "declKind": "Import",
        "moduleName": "ISApptimismCustomAdapter"
      },
      {
        "kind": "Import",
        "name": "ApptimismSDK",
        "printedName": "ApptimismSDK",
        "declKind": "Import",
        "moduleName": "ISApptimismCustomAdapter",
        "declAttributes": [
          "SPIAccessControl",
          "RawDocComment"
        ]
      },
      {
        "kind": "Import",
        "name": "IronSource",
        "printedName": "IronSource",
        "declKind": "Import",
        "moduleName": "ISApptimismCustomAdapter"
      },
      {
        "kind": "TypeDecl",
        "name": "ISApptimismCustomInterstitial",
        "printedName": "ISApptimismCustomInterstitial",
        "children": [
          {
            "kind": "Constructor",
            "name": "init",
            "printedName": "init(adUnit:adapterConfig:)",
            "children": [
              {
                "kind": "TypeNominal",
                "name": "ISApptimismCustomInterstitial",
                "printedName": "ISApptimismCustomAdapter.ISApptimismCustomInterstitial",
                "usr": "c:@M@ISApptimismCustomAdapter@objc(cs)ISApptimismCustomInterstitial"
              },
              {
                "kind": "TypeNominal",
                "name": "ISAdUnit",
                "printedName": "IronSource.ISAdUnit",
                "usr": "c:objc(cs)ISAdUnit"
              },
              {
                "kind": "TypeNominal",
                "name": "ISAdapterConfig",
                "printedName": "IronSource.ISAdapterConfig",
                "usr": "c:objc(cs)ISAdapterConfig"
              }
            ],
            "declKind": "Constructor",
            "usr": "c:@M@ISApptimismCustomAdapter@objc(cs)ISApptimismCustomInterstitial(im)initWithAdUnit:adapterConfig:",
            "mangledName": "$s24ISApptimismCustomAdapter0aB12InterstitialC6adUnit13adapterConfigACSo04ISAdF0C_So09ISAdapterH0Ctcfc",
            "moduleName": "ISApptimismCustomAdapter",
            "overriding": true,
            "objc_name": "initWithAdUnit:adapterConfig:",
            "declAttributes": [
              "Dynamic",
              "ObjC",
              "AccessControl",
              "Override",
              "RawDocComment"
            ],
            "init_kind": "Designated"
          },
          {
            "kind": "Constructor",
            "name": "init",
            "printedName": "init(adUnit:adapterConfig:adUnitObjectId:)",
            "children": [
              {
                "kind": "TypeNominal",
                "name": "ISApptimismCustomInterstitial",
                "printedName": "ISApptimismCustomAdapter.ISApptimismCustomInterstitial",
                "usr": "c:@M@ISApptimismCustomAdapter@objc(cs)ISApptimismCustomInterstitial"
              },
              {
                "kind": "TypeNominal",
                "name": "ISAdUnit",
                "printedName": "IronSource.ISAdUnit",
                "usr": "c:objc(cs)ISAdUnit"
              },
              {
                "kind": "TypeNominal",
                "name": "ISAdapterConfig",
                "printedName": "IronSource.ISAdapterConfig",
                "usr": "c:objc(cs)ISAdapterConfig"
              },
              {
                "kind": "TypeNominal",
                "name": "Optional",
                "printedName": "Foundation.UUID?",
                "children": [
                  {
                    "kind": "TypeNominal",
                    "name": "UUID",
                    "printedName": "Foundation.UUID",
                    "usr": "s:10Foundation4UUIDV"
                  }
                ],
                "usr": "s:Sq"
              }
            ],
            "declKind": "Constructor",
            "usr": "c:@M@ISApptimismCustomAdapter@objc(cs)ISApptimismCustomInterstitial(im)initWithAdUnit:adapterConfig:adUnitObjectId:",
            "mangledName": "$s24ISApptimismCustomAdapter0aB12InterstitialC6adUnit13adapterConfig0eF8ObjectIdACSo04ISAdF0C_So09ISAdapterH0C10Foundation4UUIDVSgtcfc",
            "moduleName": "ISApptimismCustomAdapter",
            "overriding": true,
            "objc_name": "initWithAdUnit:adapterConfig:adUnitObjectId:",
            "declAttributes": [
              "Dynamic",
              "ObjC",
              "AccessControl",
              "Override"
            ],
            "init_kind": "Designated"
          },
          {
            "kind": "Constructor",
            "name": "init",
            "printedName": "init(_:)",
            "children": [
              {
                "kind": "TypeNominal",
                "name": "ISApptimismCustomInterstitial",
                "printedName": "ISApptimismCustomAdapter.ISApptimismCustomInterstitial",
                "usr": "c:@M@ISApptimismCustomAdapter@objc(cs)ISApptimismCustomInterstitial"
              },
              {
                "kind": "TypeNominal",
                "name": "ISAdapterConfig",
                "printedName": "IronSource.ISAdapterConfig",
                "usr": "c:objc(cs)ISAdapterConfig"
              }
            ],
            "declKind": "Constructor",
            "usr": "c:@M@ISApptimismCustomAdapter@objc(cs)ISApptimismCustomInterstitial(im)init:",
            "mangledName": "$s24ISApptimismCustomAdapter0aB12InterstitialCyACSo15ISAdapterConfigCcfc",
            "moduleName": "ISApptimismCustomAdapter",
            "overriding": true,
            "objc_name": "init:",
            "declAttributes": [
              "Dynamic",
              "ObjC",
              "AccessControl",
              "Override"
            ],
            "init_kind": "Designated"
          },
          {
            "kind": "Constructor",
            "name": "init",
            "printedName": "init()",
            "children": [
              {
                "kind": "TypeNominal",
                "name": "ISApptimismCustomInterstitial",
                "printedName": "ISApptimismCustomAdapter.ISApptimismCustomInterstitial",
                "usr": "c:@M@ISApptimismCustomAdapter@objc(cs)ISApptimismCustomInterstitial"
              }
            ],
            "declKind": "Constructor",
            "usr": "c:@M@ISApptimismCustomAdapter@objc(cs)ISApptimismCustomInterstitial(im)init",
            "mangledName": "$s24ISApptimismCustomAdapter0aB12InterstitialCACycfc",
            "moduleName": "ISApptimismCustomAdapter",
            "overriding": true,
            "objc_name": "init",
            "declAttributes": [
              "Dynamic",
              "ObjC",
              "AccessControl",
              "Override"
            ],
            "init_kind": "Designated"
          },
          {
            "kind": "Function",
            "name": "loadAd",
            "printedName": "loadAd(with:delegate:)",
            "children": [
              {
                "kind": "TypeNominal",
                "name": "Void",
                "printedName": "()"
              },
              {
                "kind": "TypeNominal",
                "name": "ISAdData",
                "printedName": "IronSource.ISAdData",
                "usr": "c:objc(cs)ISAdData"
              },
              {
                "kind": "TypeNominal",
                "name": "ISInterstitialAdDelegate",
                "printedName": "any IronSource.ISInterstitialAdDelegate",
                "usr": "c:objc(pl)ISInterstitialAdDelegate"
              }
            ],
            "declKind": "Func",
            "usr": "c:@M@ISApptimismCustomAdapter@objc(cs)ISApptimismCustomInterstitial(im)loadAdWithAdData:delegate:",
            "mangledName": "$s24ISApptimismCustomAdapter0aB12InterstitialC6loadAd4with8delegateySo8ISAdDataC_So014ISInterstitialF8Delegate_ptF",
            "moduleName": "ISApptimismCustomAdapter",
            "overriding": true,
            "objc_name": "loadAdWithAdData:delegate:",
            "declAttributes": [
              "Final",
              "ObjC",
              "Override",
              "AccessControl",
              "RawDocComment"
            ],
            "funcSelfKind": "NonMutating"
          },
          {
            "kind": "Function",
            "name": "isAdAvailable",
            "printedName": "isAdAvailable(with:)",
            "children": [
              {
                "kind": "TypeNominal",
                "name": "Bool",
                "printedName": "Swift.Bool",
                "usr": "s:Sb"
              },
              {
                "kind": "TypeNominal",
                "name": "ISAdData",
                "printedName": "IronSource.ISAdData",
                "usr": "c:objc(cs)ISAdData"
              }
            ],
            "declKind": "Func",
            "usr": "c:@M@ISApptimismCustomAdapter@objc(cs)ISApptimismCustomInterstitial(im)isAdAvailableWithAdData:",
            "mangledName": "$s24ISApptimismCustomAdapter0aB12InterstitialC13isAdAvailable4withSbSo8ISAdDataC_tF",
            "moduleName": "ISApptimismCustomAdapter",
            "overriding": true,
            "objc_name": "isAdAvailableWithAdData:",
            "declAttributes": [
              "Final",
              "ObjC",
              "Override",
              "AccessControl"
            ],
            "funcSelfKind": "NonMutating"
          },
          {
            "kind": "Function",
            "name": "showAd",
            "printedName": "showAd(with:adData:delegate:)",
            "children": [
              {
                "kind": "TypeNominal",
                "name": "Void",
                "printedName": "()"
              },
              {
                "kind": "TypeNominal",
                "name": "UIViewController",
                "printedName": "UIKit.UIViewController",
                "usr": "c:objc(cs)UIViewController"
              },
              {
                "kind": "TypeNominal",
                "name": "ISAdData",
                "printedName": "IronSource.ISAdData",
                "usr": "c:objc(cs)ISAdData"
              },
              {
                "kind": "TypeNominal",
                "name": "ISInterstitialAdDelegate",
                "printedName": "any IronSource.ISInterstitialAdDelegate",
                "usr": "c:objc(pl)ISInterstitialAdDelegate"
              }
            ],
            "declKind": "Func",
            "usr": "c:@M@ISApptimismCustomAdapter@objc(cs)ISApptimismCustomInterstitial(im)showAdWithViewController:adData:delegate:",
            "mangledName": "$s24ISApptimismCustomAdapter0aB12InterstitialC6showAd4with6adData8delegateySo16UIViewControllerC_So04ISAdI0CSo014ISInterstitialF8Delegate_ptF",
            "moduleName": "ISApptimismCustomAdapter",
            "overriding": true,
            "objc_name": "showAdWithViewController:adData:delegate:",
            "declAttributes": [
              "Final",
              "ObjC",
              "Override",
              "AccessControl"
            ],
            "funcSelfKind": "NonMutating"
          },
          {
            "kind": "Function",
            "name": "onAdDisplayed",
            "printedName": "onAdDisplayed(_:)",
            "children": [
              {
                "kind": "TypeNominal",
                "name": "Void",
                "printedName": "()"
              },
              {
                "kind": "TypeNominal",
                "name": "Advertising",
                "printedName": "any ApptimismSDK.Advertising",
                "usr": "c:@M@ApptimismSDK@objc(pl)ApptimismAdvertising"
              }
            ],
            "declKind": "Func",
            "usr": "c:@CM@ISApptimismCustomAdapter@objc(cs)ISApptimismCustomInterstitial(im)onAdDisplayed:",
            "mangledName": "$s24ISApptimismCustomAdapter0aB12InterstitialC13onAdDisplayedyy12ApptimismSDK11Advertising_pF",
            "moduleName": "ISApptimismCustomAdapter",
            "objc_name": "onAdDisplayed:",
            "declAttributes": [
              "Final",
              "ObjC",
              "AccessControl"
            ],
            "isFromExtension": true,
            "funcSelfKind": "NonMutating"
          },
          {
            "kind": "Function",
            "name": "onAdDisplayFailed",
            "printedName": "onAdDisplayFailed(_:error:)",
            "children": [
              {
                "kind": "TypeNominal",
                "name": "Void",
                "printedName": "()"
              },
              {
                "kind": "TypeNominal",
                "name": "Advertising",
                "printedName": "any ApptimismSDK.Advertising",
                "usr": "c:@M@ApptimismSDK@objc(pl)ApptimismAdvertising"
              },
              {
                "kind": "TypeNominal",
                "name": "Error",
                "printedName": "any Swift.Error",
                "usr": "s:s5ErrorP"
              }
            ],
            "declKind": "Func",
            "usr": "c:@CM@ISApptimismCustomAdapter@objc(cs)ISApptimismCustomInterstitial(im)onAdDisplayFailed:error:",
            "mangledName": "$s24ISApptimismCustomAdapter0aB12InterstitialC17onAdDisplayFailed_5errory12ApptimismSDK11Advertising_p_s5Error_ptF",
            "moduleName": "ISApptimismCustomAdapter",
            "objc_name": "onAdDisplayFailed:error:",
            "declAttributes": [
              "Final",
              "ObjC",
              "AccessControl"
            ],
            "isFromExtension": true,
            "funcSelfKind": "NonMutating"
          },
          {
            "kind": "Function",
            "name": "onAdHidden",
            "printedName": "onAdHidden(_:)",
            "children": [
              {
                "kind": "TypeNominal",
                "name": "Void",
                "printedName": "()"
              },
              {
                "kind": "TypeNominal",
                "name": "Advertising",
                "printedName": "any ApptimismSDK.Advertising",
                "usr": "c:@M@ApptimismSDK@objc(pl)ApptimismAdvertising"
              }
            ],
            "declKind": "Func",
            "usr": "c:@CM@ISApptimismCustomAdapter@objc(cs)ISApptimismCustomInterstitial(im)onAdHidden:",
            "mangledName": "$s24ISApptimismCustomAdapter0aB12InterstitialC10onAdHiddenyy12ApptimismSDK11Advertising_pF",
            "moduleName": "ISApptimismCustomAdapter",
            "objc_name": "onAdHidden:",
            "declAttributes": [
              "Final",
              "ObjC",
              "AccessControl"
            ],
            "isFromExtension": true,
            "funcSelfKind": "NonMutating"
          },
          {
            "kind": "Function",
            "name": "onAdClicked",
            "printedName": "onAdClicked(_:)",
            "children": [
              {
                "kind": "TypeNominal",
                "name": "Void",
                "printedName": "()"
              },
              {
                "kind": "TypeNominal",
                "name": "Advertising",
                "printedName": "any ApptimismSDK.Advertising",
                "usr": "c:@M@ApptimismSDK@objc(pl)ApptimismAdvertising"
              }
            ],
            "declKind": "Func",
            "usr": "c:@CM@ISApptimismCustomAdapter@objc(cs)ISApptimismCustomInterstitial(im)onAdClicked:",
            "mangledName": "$s24ISApptimismCustomAdapter0aB12InterstitialC11onAdClickedyy12ApptimismSDK11Advertising_pF",
            "moduleName": "ISApptimismCustomAdapter",
            "objc_name": "onAdClicked:",
            "declAttributes": [
              "Final",
              "ObjC",
              "AccessControl"
            ],
            "isFromExtension": true,
            "funcSelfKind": "NonMutating"
          },
          {
            "kind": "Function",
            "name": "onAdEnded",
            "printedName": "onAdEnded(_:)",
            "children": [
              {
                "kind": "TypeNominal",
                "name": "Void",
                "printedName": "()"
              },
              {
                "kind": "TypeNominal",
                "name": "Advertising",
                "printedName": "any ApptimismSDK.Advertising",
                "usr": "c:@M@ApptimismSDK@objc(pl)ApptimismAdvertising"
              }
            ],
            "declKind": "Func",
            "usr": "c:@CM@ISApptimismCustomAdapter@objc(cs)ISApptimismCustomInterstitial(im)onAdEnded:",
            "mangledName": "$s24ISApptimismCustomAdapter0aB12InterstitialC9onAdEndedyy12ApptimismSDK11Advertising_pF",
            "moduleName": "ISApptimismCustomAdapter",
            "objc_name": "onAdEnded:",
            "declAttributes": [
              "Final",
              "ObjC",
              "AccessControl"
            ],
            "isFromExtension": true,
            "funcSelfKind": "NonMutating"
          },
          {
            "kind": "Function",
            "name": "onAdStarted",
            "printedName": "onAdStarted(_:)",
            "children": [
              {
                "kind": "TypeNominal",
                "name": "Void",
                "printedName": "()"
              },
              {
                "kind": "TypeNominal",
                "name": "Advertising",
                "printedName": "any ApptimismSDK.Advertising",
                "usr": "c:@M@ApptimismSDK@objc(pl)ApptimismAdvertising"
              }
            ],
            "declKind": "Func",
            "usr": "c:@CM@ISApptimismCustomAdapter@objc(cs)ISApptimismCustomInterstitial(im)onAdStarted:",
            "mangledName": "$s24ISApptimismCustomAdapter0aB12InterstitialC11onAdStartedyy12ApptimismSDK11Advertising_pF",
            "moduleName": "ISApptimismCustomAdapter",
            "objc_name": "onAdStarted:",
            "declAttributes": [
              "Final",
              "ObjC",
              "AccessControl"
            ],
            "isFromExtension": true,
            "funcSelfKind": "NonMutating"
          },
          {
            "kind": "Function",
            "name": "onAdVisible",
            "printedName": "onAdVisible(_:)",
            "children": [
              {
                "kind": "TypeNominal",
                "name": "Void",
                "printedName": "()"
              },
              {
                "kind": "TypeNominal",
                "name": "Advertising",
                "printedName": "any ApptimismSDK.Advertising",
                "usr": "c:@M@ApptimismSDK@objc(pl)ApptimismAdvertising"
              }
            ],
            "declKind": "Func",
            "usr": "c:@CM@ISApptimismCustomAdapter@objc(cs)ISApptimismCustomInterstitial(im)onAdVisible:",
            "mangledName": "$s24ISApptimismCustomAdapter0aB12InterstitialC11onAdVisibleyy12ApptimismSDK11Advertising_pF",
            "moduleName": "ISApptimismCustomAdapter",
            "objc_name": "onAdVisible:",
            "declAttributes": [
              "Final",
              "ObjC",
              "AccessControl"
            ],
            "isFromExtension": true,
            "funcSelfKind": "NonMutating"
          },
          {
            "kind": "Function",
            "name": "onAdShowSuccess",
            "printedName": "onAdShowSuccess(_:)",
            "children": [
              {
                "kind": "TypeNominal",
                "name": "Void",
                "printedName": "()"
              },
              {
                "kind": "TypeNominal",
                "name": "Advertising",
                "printedName": "any ApptimismSDK.Advertising",
                "usr": "c:@M@ApptimismSDK@objc(pl)ApptimismAdvertising"
              }
            ],
            "declKind": "Func",
            "usr": "c:@CM@ISApptimismCustomAdapter@objc(cs)ISApptimismCustomInterstitial(im)onAdShowSuccess:",
            "mangledName": "$s24ISApptimismCustomAdapter0aB12InterstitialC15onAdShowSuccessyy12ApptimismSDK11Advertising_pF",
            "moduleName": "ISApptimismCustomAdapter",
            "objc_name": "onAdShowSuccess:",
            "declAttributes": [
              "Final",
              "ObjC",
              "AccessControl"
            ],
            "isFromExtension": true,
            "funcSelfKind": "NonMutating"
          }
        ],
        "declKind": "Class",
        "usr": "c:@M@ISApptimismCustomAdapter@objc(cs)ISApptimismCustomInterstitial",
        "mangledName": "$s24ISApptimismCustomAdapter0aB12InterstitialC",
        "moduleName": "ISApptimismCustomAdapter",
        "objc_name": "ISApptimismCustomInterstitial",
        "declAttributes": [
          "Final",
          "AccessControl",
          "ObjC"
        ],
        "superclassUsr": "c:objc(cs)ISBaseInterstitial",
        "inheritsConvenienceInitializers": true,
        "superclassNames": [
          "IronSource.ISBaseInterstitial",
          "IronSource.ISBaseAdInteractionAdapter",
          "IronSource.ISBaseAdAdapter",
          "ObjectiveC.NSObject"
        ],
        "conformances": [
          {
            "kind": "Conformance",
            "name": "Copyable",
            "printedName": "Copyable",
            "usr": "s:s8CopyableP",
            "mangledName": "$ss8CopyableP"
          },
          {
            "kind": "Conformance",
            "name": "Escapable",
            "printedName": "Escapable",
            "usr": "s:s9EscapableP",
            "mangledName": "$ss9EscapableP"
          },
          {
            "kind": "Conformance",
            "name": "Equatable",
            "printedName": "Equatable",
            "usr": "s:SQ",
            "mangledName": "$sSQ"
          },
          {
            "kind": "Conformance",
            "name": "Hashable",
            "printedName": "Hashable",
            "usr": "s:SH",
            "mangledName": "$sSH"
          },
          {
            "kind": "Conformance",
            "name": "CVarArg",
            "printedName": "CVarArg",
            "usr": "s:s7CVarArgP",
            "mangledName": "$ss7CVarArgP"
          },
          {
            "kind": "Conformance",
            "name": "_KeyValueCodingAndObservingPublishing",
            "printedName": "_KeyValueCodingAndObservingPublishing",
            "usr": "s:10Foundation37_KeyValueCodingAndObservingPublishingP",
            "mangledName": "$s10Foundation37_KeyValueCodingAndObservingPublishingP"
          },
          {
            "kind": "Conformance",
            "name": "_KeyValueCodingAndObserving",
            "printedName": "_KeyValueCodingAndObserving",
            "usr": "s:10Foundation27_KeyValueCodingAndObservingP",
            "mangledName": "$s10Foundation27_KeyValueCodingAndObservingP"
          },
          {
            "kind": "Conformance",
            "name": "CustomStringConvertible",
            "printedName": "CustomStringConvertible",
            "usr": "s:s23CustomStringConvertibleP",
            "mangledName": "$ss23CustomStringConvertibleP"
          },
          {
            "kind": "Conformance",
            "name": "CustomDebugStringConvertible",
            "printedName": "CustomDebugStringConvertible",
            "usr": "s:s28CustomDebugStringConvertibleP",
            "mangledName": "$ss28CustomDebugStringConvertibleP"
          },
          {
            "kind": "Conformance",
            "name": "InterstitialAdDelegate",
            "printedName": "InterstitialAdDelegate",
            "usr": "c:@M@ApptimismSDK@objc(pl)ApptimismInterstitialAdDelegate",
            "mangledName": "$s12ApptimismSDK22InterstitialAdDelegateP"
          },
          {
            "kind": "Conformance",
            "name": "AdvertisingDelegate",
            "printedName": "AdvertisingDelegate",
            "usr": "c:@M@ApptimismSDK@objc(pl)LoadedAdvertisingDelegate",
            "mangledName": "$s12ApptimismSDK19AdvertisingDelegateP"
          }
        ]
      },
      {
        "kind": "Import",
        "name": "ApptimismSDK",
        "printedName": "ApptimismSDK",
        "declKind": "Import",
        "moduleName": "ISApptimismCustomAdapter",
        "declAttributes": [
          "SPIAccessControl",
          "RawDocComment"
        ]
      },
      {
        "kind": "Import",
        "name": "IronSource",
        "printedName": "IronSource",
        "declKind": "Import",
        "moduleName": "ISApptimismCustomAdapter"
      },
      {
        "kind": "Import",
        "name": "Combine",
        "printedName": "Combine",
        "declKind": "Import",
        "moduleName": "ISApptimismCustomAdapter"
      },
      {
        "kind": "TypeDecl",
        "name": "ISApptimismCustomAdapter",
        "printedName": "ISApptimismCustomAdapter",
        "children": [
          {
            "kind": "Function",
            "name": "`init`",
            "printedName": "`init`(_:delegate:)",
            "children": [
              {
                "kind": "TypeNominal",
                "name": "Void",
                "printedName": "()"
              },
              {
                "kind": "TypeNominal",
                "name": "ISAdData",
                "printedName": "IronSource.ISAdData",
                "usr": "c:objc(cs)ISAdData"
              },
              {
                "kind": "TypeNominal",
                "name": "ISNetworkInitializationDelegate",
                "printedName": "any IronSource.ISNetworkInitializationDelegate",
                "usr": "c:objc(pl)ISNetworkInitializationDelegate"
              }
            ],
            "declKind": "Func",
            "usr": "c:@M@ISApptimismCustomAdapter@objc(cs)ISApptimismCustomAdapter(im)init:delegate:",
            "mangledName": "$s24ISApptimismCustomAdapterAAC4init_8delegateySo8ISAdDataC_So31ISNetworkInitializationDelegate_ptF",
            "moduleName": "ISApptimismCustomAdapter",
            "overriding": true,
            "objc_name": "init:delegate:",
            "declAttributes": [
              "Final",
              "ObjC",
              "Override",
              "AccessControl"
            ],
            "funcSelfKind": "NonMutating"
          },
          {
            "kind": "Function",
            "name": "setMetaDataWithKey",
            "printedName": "setMetaDataWithKey(_:andValues:)",
            "children": [
              {
                "kind": "TypeNominal",
                "name": "Void",
                "printedName": "()"
              },
              {
                "kind": "TypeNominal",
                "name": "ImplicitlyUnwrappedOptional",
                "printedName": "Swift.String?",
                "children": [
                  {
                    "kind": "TypeNominal",
                    "name": "String",
                    "printedName": "Swift.String",
                    "usr": "s:SS"
                  }
                ],
                "usr": "s:Sq"
              },
              {
                "kind": "TypeNominal",
                "name": "ImplicitlyUnwrappedOptional",
                "printedName": "Foundation.NSMutableArray?",
                "children": [
                  {
                    "kind": "TypeNominal",
                    "name": "NSMutableArray",
                    "printedName": "Foundation.NSMutableArray",
                    "usr": "c:objc(cs)NSMutableArray"
                  }
                ],
                "usr": "s:Sq"
              }
            ],
            "declKind": "Func",
            "usr": "c:@M@ISApptimismCustomAdapter@objc(cs)ISApptimismCustomAdapter(im)setMetaDataWithKey:andValues:",
            "mangledName": "$s24ISApptimismCustomAdapterAAC18setMetaDataWithKey_9andValuesySSSg_So14NSMutableArrayCSgtF",
            "moduleName": "ISApptimismCustomAdapter",
            "overriding": true,
            "objc_name": "setMetaDataWithKey:andValues:",
            "declAttributes": [
              "Final",
              "ObjC",
              "Override",
              "AccessControl"
            ],
            "funcSelfKind": "NonMutating"
          },
          {
            "kind": "Function",
            "name": "setConsent",
            "printedName": "setConsent(_:)",
            "children": [
              {
                "kind": "TypeNominal",
                "name": "Void",
                "printedName": "()"
              },
              {
                "kind": "TypeNominal",
                "name": "Bool",
                "printedName": "Swift.Bool",
                "usr": "s:Sb"
              }
            ],
            "declKind": "Func",
            "usr": "c:@M@ISApptimismCustomAdapter@objc(cs)ISApptimismCustomAdapter(im)setConsent:",
            "mangledName": "$s24ISApptimismCustomAdapterAAC10setConsentyySbF",
            "moduleName": "ISApptimismCustomAdapter",
            "overriding": true,
            "objc_name": "setConsent:",
            "declAttributes": [
              "Final",
              "ObjC",
              "Override",
              "AccessControl"
            ],
            "funcSelfKind": "NonMutating"
          },
          {
            "kind": "Function",
            "name": "networkSDKVersion",
            "printedName": "networkSDKVersion()",
            "children": [
              {
                "kind": "TypeNominal",
                "name": "String",
                "printedName": "Swift.String",
                "usr": "s:SS"
              }
            ],
            "declKind": "Func",
            "usr": "c:@M@ISApptimismCustomAdapter@objc(cs)ISApptimismCustomAdapter(im)networkSDKVersion",
            "mangledName": "$s24ISApptimismCustomAdapterAAC17networkSDKVersionSSyF",
            "moduleName": "ISApptimismCustomAdapter",
            "overriding": true,
            "objc_name": "networkSDKVersion",
            "declAttributes": [
              "Final",
              "ObjC",
              "Override",
              "AccessControl"
            ],
            "funcSelfKind": "NonMutating"
          },
          {
            "kind": "Function",
            "name": "adapterVersion",
            "printedName": "adapterVersion()",
            "children": [
              {
                "kind": "TypeNominal",
                "name": "String",
                "printedName": "Swift.String",
                "usr": "s:SS"
              }
            ],
            "declKind": "Func",
            "usr": "c:@M@ISApptimismCustomAdapter@objc(cs)ISApptimismCustomAdapter(im)adapterVersion",
            "mangledName": "$s24ISApptimismCustomAdapterAAC14adapterVersionSSyF",
            "moduleName": "ISApptimismCustomAdapter",
            "overriding": true,
            "objc_name": "adapterVersion",
            "declAttributes": [
              "Final",
              "ObjC",
              "Override",
              "AccessControl"
            ],
            "funcSelfKind": "NonMutating"
          },
          {
            "kind": "Function",
            "name": "setAdapterDebug",
            "printedName": "setAdapterDebug(_:)",
            "children": [
              {
                "kind": "TypeNominal",
                "name": "Void",
                "printedName": "()"
              },
              {
                "kind": "TypeNominal",
                "name": "Bool",
                "printedName": "Swift.Bool",
                "usr": "s:Sb"
              }
            ],
            "declKind": "Func",
            "usr": "c:@M@ISApptimismCustomAdapter@objc(cs)ISApptimismCustomAdapter(im)setAdapterDebug:",
            "mangledName": "$s24ISApptimismCustomAdapterAAC03setC5DebugyySbF",
            "moduleName": "ISApptimismCustomAdapter",
            "overriding": true,
            "objc_name": "setAdapterDebug:",
            "declAttributes": [
              "Final",
              "ObjC",
              "Override",
              "AccessControl"
            ],
            "funcSelfKind": "NonMutating"
          },
          {
            "kind": "Function",
            "name": "getLoadWhileShowSupportedState",
            "printedName": "getLoadWhileShowSupportedState(with:)",
            "children": [
              {
                "kind": "TypeNominal",
                "name": "ISLoadWhileShowSupportState",
                "printedName": "IronSource.ISLoadWhileShowSupportState",
                "usr": "c:@E@ISLoadWhileShowSupportState"
              },
              {
                "kind": "TypeNominal",
                "name": "ImplicitlyUnwrappedOptional",
                "printedName": "IronSource.ISAdapterConfig?",
                "children": [
                  {
                    "kind": "TypeNominal",
                    "name": "ISAdapterConfig",
                    "printedName": "IronSource.ISAdapterConfig",
                    "usr": "c:objc(cs)ISAdapterConfig"
                  }
                ],
                "usr": "s:Sq"
              }
            ],
            "declKind": "Func",
            "usr": "c:@M@ISApptimismCustomAdapter@objc(cs)ISApptimismCustomAdapter(im)getLoadWhileShowSupportedStateWithAdapterConfig:",
            "mangledName": "$s24ISApptimismCustomAdapterAAC30getLoadWhileShowSupportedState4withSo06ISLoadfg7SupportI0VSo15ISAdapterConfigCSg_tF",
            "moduleName": "ISApptimismCustomAdapter",
            "overriding": true,
            "objc_name": "getLoadWhileShowSupportedStateWithAdapterConfig:",
            "declAttributes": [
              "Final",
              "ObjC",
              "AccessControl",
              "Override"
            ],
            "funcSelfKind": "NonMutating"
          },
          {
            "kind": "Constructor",
            "name": "init",
            "printedName": "init()",
            "children": [
              {
                "kind": "TypeNominal",
                "name": "ISApptimismCustomAdapter",
                "printedName": "ISApptimismCustomAdapter.ISApptimismCustomAdapter",
                "usr": "c:@M@ISApptimismCustomAdapter@objc(cs)ISApptimismCustomAdapter"
              }
            ],
            "declKind": "Constructor",
            "usr": "c:@M@ISApptimismCustomAdapter@objc(cs)ISApptimismCustomAdapter(im)init",
            "mangledName": "$s24ISApptimismCustomAdapterAACABycfc",
            "moduleName": "ISApptimismCustomAdapter",
            "overriding": true,
            "implicit": true,
            "objc_name": "init",
            "declAttributes": [
              "Dynamic",
              "ObjC",
              "Override"
            ],
            "init_kind": "Designated"
          }
        ],
        "declKind": "Class",
        "usr": "c:@M@ISApptimismCustomAdapter@objc(cs)ISApptimismCustomAdapter",
        "mangledName": "$s24ISApptimismCustomAdapterAAC",
        "moduleName": "ISApptimismCustomAdapter",
        "objc_name": "ISApptimismCustomAdapter",
        "declAttributes": [
          "Final",
          "AccessControl",
          "ObjC"
        ],
        "superclassUsr": "c:objc(cs)ISBaseNetworkAdapter",
        "inheritsConvenienceInitializers": true,
        "superclassNames": [
          "IronSource.ISBaseNetworkAdapter",
          "ObjectiveC.NSObject"
        ],
        "conformances": [
          {
            "kind": "Conformance",
            "name": "Copyable",
            "printedName": "Copyable",
            "usr": "s:s8CopyableP",
            "mangledName": "$ss8CopyableP"
          },
          {
            "kind": "Conformance",
            "name": "Escapable",
            "printedName": "Escapable",
            "usr": "s:s9EscapableP",
            "mangledName": "$ss9EscapableP"
          },
          {
            "kind": "Conformance",
            "name": "Equatable",
            "printedName": "Equatable",
            "usr": "s:SQ",
            "mangledName": "$sSQ"
          },
          {
            "kind": "Conformance",
            "name": "Hashable",
            "printedName": "Hashable",
            "usr": "s:SH",
            "mangledName": "$sSH"
          },
          {
            "kind": "Conformance",
            "name": "CVarArg",
            "printedName": "CVarArg",
            "usr": "s:s7CVarArgP",
            "mangledName": "$ss7CVarArgP"
          },
          {
            "kind": "Conformance",
            "name": "_KeyValueCodingAndObservingPublishing",
            "printedName": "_KeyValueCodingAndObservingPublishing",
            "usr": "s:10Foundation37_KeyValueCodingAndObservingPublishingP",
            "mangledName": "$s10Foundation37_KeyValueCodingAndObservingPublishingP"
          },
          {
            "kind": "Conformance",
            "name": "_KeyValueCodingAndObserving",
            "printedName": "_KeyValueCodingAndObserving",
            "usr": "s:10Foundation27_KeyValueCodingAndObservingP",
            "mangledName": "$s10Foundation27_KeyValueCodingAndObservingP"
          },
          {
            "kind": "Conformance",
            "name": "CustomStringConvertible",
            "printedName": "CustomStringConvertible",
            "usr": "s:s23CustomStringConvertibleP",
            "mangledName": "$ss23CustomStringConvertibleP"
          },
          {
            "kind": "Conformance",
            "name": "CustomDebugStringConvertible",
            "printedName": "CustomDebugStringConvertible",
            "usr": "s:s28CustomDebugStringConvertibleP",
            "mangledName": "$ss28CustomDebugStringConvertibleP"
          }
        ]
      },
      {
        "kind": "Import",
        "name": "ApptimismSDK",
        "printedName": "ApptimismSDK",
        "declKind": "Import",
        "moduleName": "ISApptimismCustomAdapter",
        "declAttributes": [
          "SPIAccessControl",
          "RawDocComment"
        ]
      },
      {
        "kind": "Import",
        "name": "IronSource",
        "printedName": "IronSource",
        "declKind": "Import",
        "moduleName": "ISApptimismCustomAdapter"
      },
      {
        "kind": "TypeDecl",
        "name": "ISApptimismCustomRewardedVideo",
        "printedName": "ISApptimismCustomRewardedVideo",
        "children": [
          {
            "kind": "Constructor",
            "name": "init",
            "printedName": "init(adUnit:adapterConfig:)",
            "children": [
              {
                "kind": "TypeNominal",
                "name": "ISApptimismCustomRewardedVideo",
                "printedName": "ISApptimismCustomAdapter.ISApptimismCustomRewardedVideo",
                "usr": "c:@M@ISApptimismCustomAdapter@objc(cs)ISApptimismCustomRewardedVideo"
              },
              {
                "kind": "TypeNominal",
                "name": "ISAdUnit",
                "printedName": "IronSource.ISAdUnit",
                "usr": "c:objc(cs)ISAdUnit"
              },
              {
                "kind": "TypeNominal",
                "name": "ISAdapterConfig",
                "printedName": "IronSource.ISAdapterConfig",
                "usr": "c:objc(cs)ISAdapterConfig"
              }
            ],
            "declKind": "Constructor",
            "usr": "c:@M@ISApptimismCustomAdapter@objc(cs)ISApptimismCustomRewardedVideo(im)initWithAdUnit:adapterConfig:",
            "mangledName": "$s24ISApptimismCustomAdapter0aB13RewardedVideoC6adUnit13adapterConfigACSo04ISAdG0C_So09ISAdapterI0Ctcfc",
            "moduleName": "ISApptimismCustomAdapter",
            "overriding": true,
            "objc_name": "initWithAdUnit:adapterConfig:",
            "declAttributes": [
              "Dynamic",
              "ObjC",
              "AccessControl",
              "Override",
              "RawDocComment"
            ],
            "init_kind": "Designated"
          },
          {
            "kind": "Constructor",
            "name": "init",
            "printedName": "init(adUnit:adapterConfig:adUnitObjectId:)",
            "children": [
              {
                "kind": "TypeNominal",
                "name": "ISApptimismCustomRewardedVideo",
                "printedName": "ISApptimismCustomAdapter.ISApptimismCustomRewardedVideo",
                "usr": "c:@M@ISApptimismCustomAdapter@objc(cs)ISApptimismCustomRewardedVideo"
              },
              {
                "kind": "TypeNominal",
                "name": "ISAdUnit",
                "printedName": "IronSource.ISAdUnit",
                "usr": "c:objc(cs)ISAdUnit"
              },
              {
                "kind": "TypeNominal",
                "name": "ISAdapterConfig",
                "printedName": "IronSource.ISAdapterConfig",
                "usr": "c:objc(cs)ISAdapterConfig"
              },
              {
                "kind": "TypeNominal",
                "name": "Optional",
                "printedName": "Foundation.UUID?",
                "children": [
                  {
                    "kind": "TypeNominal",
                    "name": "UUID",
                    "printedName": "Foundation.UUID",
                    "usr": "s:10Foundation4UUIDV"
                  }
                ],
                "usr": "s:Sq"
              }
            ],
            "declKind": "Constructor",
            "usr": "c:@M@ISApptimismCustomAdapter@objc(cs)ISApptimismCustomRewardedVideo(im)initWithAdUnit:adapterConfig:adUnitObjectId:",
            "mangledName": "$s24ISApptimismCustomAdapter0aB13RewardedVideoC6adUnit13adapterConfig0fG8ObjectIdACSo04ISAdG0C_So09ISAdapterI0C10Foundation4UUIDVSgtcfc",
            "moduleName": "ISApptimismCustomAdapter",
            "overriding": true,
            "objc_name": "initWithAdUnit:adapterConfig:adUnitObjectId:",
            "declAttributes": [
              "Dynamic",
              "ObjC",
              "AccessControl",
              "Override"
            ],
            "init_kind": "Designated"
          },
          {
            "kind": "Constructor",
            "name": "init",
            "printedName": "init(_:)",
            "children": [
              {
                "kind": "TypeNominal",
                "name": "ISApptimismCustomRewardedVideo",
                "printedName": "ISApptimismCustomAdapter.ISApptimismCustomRewardedVideo",
                "usr": "c:@M@ISApptimismCustomAdapter@objc(cs)ISApptimismCustomRewardedVideo"
              },
              {
                "kind": "TypeNominal",
                "name": "ISAdapterConfig",
                "printedName": "IronSource.ISAdapterConfig",
                "usr": "c:objc(cs)ISAdapterConfig"
              }
            ],
            "declKind": "Constructor",
            "usr": "c:@M@ISApptimismCustomAdapter@objc(cs)ISApptimismCustomRewardedVideo(im)init:",
            "mangledName": "$s24ISApptimismCustomAdapter0aB13RewardedVideoCyACSo15ISAdapterConfigCcfc",
            "moduleName": "ISApptimismCustomAdapter",
            "overriding": true,
            "objc_name": "init:",
            "declAttributes": [
              "Dynamic",
              "ObjC",
              "AccessControl",
              "Override"
            ],
            "init_kind": "Designated"
          },
          {
            "kind": "Constructor",
            "name": "init",
            "printedName": "init()",
            "children": [
              {
                "kind": "TypeNominal",
                "name": "ISApptimismCustomRewardedVideo",
                "printedName": "ISApptimismCustomAdapter.ISApptimismCustomRewardedVideo",
                "usr": "c:@M@ISApptimismCustomAdapter@objc(cs)ISApptimismCustomRewardedVideo"
              }
            ],
            "declKind": "Constructor",
            "usr": "c:@M@ISApptimismCustomAdapter@objc(cs)ISApptimismCustomRewardedVideo(im)init",
            "mangledName": "$s24ISApptimismCustomAdapter0aB13RewardedVideoCACycfc",
            "moduleName": "ISApptimismCustomAdapter",
            "overriding": true,
            "objc_name": "init",
            "declAttributes": [
              "Dynamic",
              "ObjC",
              "AccessControl",
              "Override"
            ],
            "init_kind": "Designated"
          },
          {
            "kind": "Function",
            "name": "loadAd",
            "printedName": "loadAd(with:delegate:)",
            "children": [
              {
                "kind": "TypeNominal",
                "name": "Void",
                "printedName": "()"
              },
              {
                "kind": "TypeNominal",
                "name": "ISAdData",
                "printedName": "IronSource.ISAdData",
                "usr": "c:objc(cs)ISAdData"
              },
              {
                "kind": "TypeNominal",
                "name": "ISRewardedVideoAdDelegate",
                "printedName": "any IronSource.ISRewardedVideoAdDelegate",
                "usr": "c:objc(pl)ISRewardedVideoAdDelegate"
              }
            ],
            "declKind": "Func",
            "usr": "c:@M@ISApptimismCustomAdapter@objc(cs)ISApptimismCustomRewardedVideo(im)loadAdWithAdData:delegate:",
            "mangledName": "$s24ISApptimismCustomAdapter0aB13RewardedVideoC6loadAd4with8delegateySo8ISAdDataC_So010ISRewardedeG8Delegate_ptF",
            "moduleName": "ISApptimismCustomAdapter",
            "overriding": true,
            "objc_name": "loadAdWithAdData:delegate:",
            "declAttributes": [
              "Final",
              "ObjC",
              "Override",
              "AccessControl",
              "RawDocComment"
            ],
            "funcSelfKind": "NonMutating"
          },
          {
            "kind": "Function",
            "name": "isAdAvailable",
            "printedName": "isAdAvailable(with:)",
            "children": [
              {
                "kind": "TypeNominal",
                "name": "Bool",
                "printedName": "Swift.Bool",
                "usr": "s:Sb"
              },
              {
                "kind": "TypeNominal",
                "name": "ISAdData",
                "printedName": "IronSource.ISAdData",
                "usr": "c:objc(cs)ISAdData"
              }
            ],
            "declKind": "Func",
            "usr": "c:@M@ISApptimismCustomAdapter@objc(cs)ISApptimismCustomRewardedVideo(im)isAdAvailableWithAdData:",
            "mangledName": "$s24ISApptimismCustomAdapter0aB13RewardedVideoC13isAdAvailable4withSbSo8ISAdDataC_tF",
            "moduleName": "ISApptimismCustomAdapter",
            "overriding": true,
            "objc_name": "isAdAvailableWithAdData:",
            "declAttributes": [
              "Final",
              "ObjC",
              "Override",
              "AccessControl"
            ],
            "funcSelfKind": "NonMutating"
          },
          {
            "kind": "Function",
            "name": "showAd",
            "printedName": "showAd(with:adData:delegate:)",
            "children": [
              {
                "kind": "TypeNominal",
                "name": "Void",
                "printedName": "()"
              },
              {
                "kind": "TypeNominal",
                "name": "UIViewController",
                "printedName": "UIKit.UIViewController",
                "usr": "c:objc(cs)UIViewController"
              },
              {
                "kind": "TypeNominal",
                "name": "ISAdData",
                "printedName": "IronSource.ISAdData",
                "usr": "c:objc(cs)ISAdData"
              },
              {
                "kind": "TypeNominal",
                "name": "ISRewardedVideoAdDelegate",
                "printedName": "any IronSource.ISRewardedVideoAdDelegate",
                "usr": "c:objc(pl)ISRewardedVideoAdDelegate"
              }
            ],
            "declKind": "Func",
            "usr": "c:@M@ISApptimismCustomAdapter@objc(cs)ISApptimismCustomRewardedVideo(im)showAdWithViewController:adData:delegate:",
            "mangledName": "$s24ISApptimismCustomAdapter0aB13RewardedVideoC6showAd4with6adData8delegateySo16UIViewControllerC_So04ISAdJ0CSo010ISRewardedeG8Delegate_ptF",
            "moduleName": "ISApptimismCustomAdapter",
            "overriding": true,
            "objc_name": "showAdWithViewController:adData:delegate:",
            "declAttributes": [
              "Final",
              "ObjC",
              "Override",
              "AccessControl"
            ],
            "funcSelfKind": "NonMutating"
          },
          {
            "kind": "Function",
            "name": "onAdDisplayed",
            "printedName": "onAdDisplayed(_:)",
            "children": [
              {
                "kind": "TypeNominal",
                "name": "Void",
                "printedName": "()"
              },
              {
                "kind": "TypeNominal",
                "name": "Advertising",
                "printedName": "any ApptimismSDK.Advertising",
                "usr": "c:@M@ApptimismSDK@objc(pl)ApptimismAdvertising"
              }
            ],
            "declKind": "Func",
            "usr": "c:@CM@ISApptimismCustomAdapter@objc(cs)ISApptimismCustomRewardedVideo(im)onAdDisplayed:",
            "mangledName": "$s24ISApptimismCustomAdapter0aB13RewardedVideoC13onAdDisplayedyy12ApptimismSDK11Advertising_pF",
            "moduleName": "ISApptimismCustomAdapter",
            "objc_name": "onAdDisplayed:",
            "declAttributes": [
              "Final",
              "ObjC",
              "AccessControl"
            ],
            "isFromExtension": true,
            "funcSelfKind": "NonMutating"
          },
          {
            "kind": "Function",
            "name": "onAdDisplayFailed",
            "printedName": "onAdDisplayFailed(_:error:)",
            "children": [
              {
                "kind": "TypeNominal",
                "name": "Void",
                "printedName": "()"
              },
              {
                "kind": "TypeNominal",
                "name": "Advertising",
                "printedName": "any ApptimismSDK.Advertising",
                "usr": "c:@M@ApptimismSDK@objc(pl)ApptimismAdvertising"
              },
              {
                "kind": "TypeNominal",
                "name": "Error",
                "printedName": "any Swift.Error",
                "usr": "s:s5ErrorP"
              }
            ],
            "declKind": "Func",
            "usr": "c:@CM@ISApptimismCustomAdapter@objc(cs)ISApptimismCustomRewardedVideo(im)onAdDisplayFailed:error:",
            "mangledName": "$s24ISApptimismCustomAdapter0aB13RewardedVideoC17onAdDisplayFailed_5errory12ApptimismSDK11Advertising_p_s5Error_ptF",
            "moduleName": "ISApptimismCustomAdapter",
            "objc_name": "onAdDisplayFailed:error:",
            "declAttributes": [
              "Final",
              "ObjC",
              "AccessControl"
            ],
            "isFromExtension": true,
            "funcSelfKind": "NonMutating"
          },
          {
            "kind": "Function",
            "name": "onAdHidden",
            "printedName": "onAdHidden(_:)",
            "children": [
              {
                "kind": "TypeNominal",
                "name": "Void",
                "printedName": "()"
              },
              {
                "kind": "TypeNominal",
                "name": "Advertising",
                "printedName": "any ApptimismSDK.Advertising",
                "usr": "c:@M@ApptimismSDK@objc(pl)ApptimismAdvertising"
              }
            ],
            "declKind": "Func",
            "usr": "c:@CM@ISApptimismCustomAdapter@objc(cs)ISApptimismCustomRewardedVideo(im)onAdHidden:",
            "mangledName": "$s24ISApptimismCustomAdapter0aB13RewardedVideoC10onAdHiddenyy12ApptimismSDK11Advertising_pF",
            "moduleName": "ISApptimismCustomAdapter",
            "objc_name": "onAdHidden:",
            "declAttributes": [
              "Final",
              "ObjC",
              "AccessControl"
            ],
            "isFromExtension": true,
            "funcSelfKind": "NonMutating"
          },
          {
            "kind": "Function",
            "name": "onAdClicked",
            "printedName": "onAdClicked(_:)",
            "children": [
              {
                "kind": "TypeNominal",
                "name": "Void",
                "printedName": "()"
              },
              {
                "kind": "TypeNominal",
                "name": "Advertising",
                "printedName": "any ApptimismSDK.Advertising",
                "usr": "c:@M@ApptimismSDK@objc(pl)ApptimismAdvertising"
              }
            ],
            "declKind": "Func",
            "usr": "c:@CM@ISApptimismCustomAdapter@objc(cs)ISApptimismCustomRewardedVideo(im)onAdClicked:",
            "mangledName": "$s24ISApptimismCustomAdapter0aB13RewardedVideoC11onAdClickedyy12ApptimismSDK11Advertising_pF",
            "moduleName": "ISApptimismCustomAdapter",
            "objc_name": "onAdClicked:",
            "declAttributes": [
              "Final",
              "ObjC",
              "AccessControl"
            ],
            "isFromExtension": true,
            "funcSelfKind": "NonMutating"
          },
          {
            "kind": "Function",
            "name": "onAdEnded",
            "printedName": "onAdEnded(_:)",
            "children": [
              {
                "kind": "TypeNominal",
                "name": "Void",
                "printedName": "()"
              },
              {
                "kind": "TypeNominal",
                "name": "Advertising",
                "printedName": "any ApptimismSDK.Advertising",
                "usr": "c:@M@ApptimismSDK@objc(pl)ApptimismAdvertising"
              }
            ],
            "declKind": "Func",
            "usr": "c:@CM@ISApptimismCustomAdapter@objc(cs)ISApptimismCustomRewardedVideo(im)onAdEnded:",
            "mangledName": "$s24ISApptimismCustomAdapter0aB13RewardedVideoC9onAdEndedyy12ApptimismSDK11Advertising_pF",
            "moduleName": "ISApptimismCustomAdapter",
            "objc_name": "onAdEnded:",
            "declAttributes": [
              "Final",
              "ObjC",
              "AccessControl"
            ],
            "isFromExtension": true,
            "funcSelfKind": "NonMutating"
          },
          {
            "kind": "Function",
            "name": "onAdStarted",
            "printedName": "onAdStarted(_:)",
            "children": [
              {
                "kind": "TypeNominal",
                "name": "Void",
                "printedName": "()"
              },
              {
                "kind": "TypeNominal",
                "name": "Advertising",
                "printedName": "any ApptimismSDK.Advertising",
                "usr": "c:@M@ApptimismSDK@objc(pl)ApptimismAdvertising"
              }
            ],
            "declKind": "Func",
            "usr": "c:@CM@ISApptimismCustomAdapter@objc(cs)ISApptimismCustomRewardedVideo(im)onAdStarted:",
            "mangledName": "$s24ISApptimismCustomAdapter0aB13RewardedVideoC11onAdStartedyy12ApptimismSDK11Advertising_pF",
            "moduleName": "ISApptimismCustomAdapter",
            "objc_name": "onAdStarted:",
            "declAttributes": [
              "Final",
              "ObjC",
              "AccessControl"
            ],
            "isFromExtension": true,
            "funcSelfKind": "NonMutating"
          },
          {
            "kind": "Function",
            "name": "onAdVisible",
            "printedName": "onAdVisible(_:)",
            "children": [
              {
                "kind": "TypeNominal",
                "name": "Void",
                "printedName": "()"
              },
              {
                "kind": "TypeNominal",
                "name": "Advertising",
                "printedName": "any ApptimismSDK.Advertising",
                "usr": "c:@M@ApptimismSDK@objc(pl)ApptimismAdvertising"
              }
            ],
            "declKind": "Func",
            "usr": "c:@CM@ISApptimismCustomAdapter@objc(cs)ISApptimismCustomRewardedVideo(im)onAdVisible:",
            "mangledName": "$s24ISApptimismCustomAdapter0aB13RewardedVideoC11onAdVisibleyy12ApptimismSDK11Advertising_pF",
            "moduleName": "ISApptimismCustomAdapter",
            "objc_name": "onAdVisible:",
            "declAttributes": [
              "Final",
              "ObjC",
              "AccessControl"
            ],
            "isFromExtension": true,
            "funcSelfKind": "NonMutating"
          },
          {
            "kind": "Function",
            "name": "onAdRewarded",
            "printedName": "onAdRewarded(_:)",
            "children": [
              {
                "kind": "TypeNominal",
                "name": "Void",
                "printedName": "()"
              },
              {
                "kind": "TypeNominal",
                "name": "Advertising",
                "printedName": "any ApptimismSDK.Advertising",
                "usr": "c:@M@ApptimismSDK@objc(pl)ApptimismAdvertising"
              }
            ],
            "declKind": "Func",
            "usr": "c:@CM@ISApptimismCustomAdapter@objc(cs)ISApptimismCustomRewardedVideo(im)onAdRewarded:",
            "mangledName": "$s24ISApptimismCustomAdapter0aB13RewardedVideoC04onAdD0yy12ApptimismSDK11Advertising_pF",
            "moduleName": "ISApptimismCustomAdapter",
            "objc_name": "onAdRewarded:",
            "declAttributes": [
              "Final",
              "ObjC",
              "AccessControl"
            ],
            "isFromExtension": true,
            "funcSelfKind": "NonMutating"
          },
          {
            "kind": "Function",
            "name": "onAdShowSuccess",
            "printedName": "onAdShowSuccess(_:)",
            "children": [
              {
                "kind": "TypeNominal",
                "name": "Void",
                "printedName": "()"
              },
              {
                "kind": "TypeNominal",
                "name": "Advertising",
                "printedName": "any ApptimismSDK.Advertising",
                "usr": "c:@M@ApptimismSDK@objc(pl)ApptimismAdvertising"
              }
            ],
            "declKind": "Func",
            "usr": "c:@CM@ISApptimismCustomAdapter@objc(cs)ISApptimismCustomRewardedVideo(im)onAdShowSuccess:",
            "mangledName": "$s24ISApptimismCustomAdapter0aB13RewardedVideoC15onAdShowSuccessyy12ApptimismSDK11Advertising_pF",
            "moduleName": "ISApptimismCustomAdapter",
            "objc_name": "onAdShowSuccess:",
            "declAttributes": [
              "Final",
              "ObjC",
              "AccessControl"
            ],
            "isFromExtension": true,
            "funcSelfKind": "NonMutating"
          }
        ],
        "declKind": "Class",
        "usr": "c:@M@ISApptimismCustomAdapter@objc(cs)ISApptimismCustomRewardedVideo",
        "mangledName": "$s24ISApptimismCustomAdapter0aB13RewardedVideoC",
        "moduleName": "ISApptimismCustomAdapter",
        "objc_name": "ISApptimismCustomRewardedVideo",
        "declAttributes": [
          "Final",
          "AccessControl",
          "ObjC"
        ],
        "superclassUsr": "c:objc(cs)ISBaseRewardedVideo",
        "inheritsConvenienceInitializers": true,
        "superclassNames": [
          "IronSource.ISBaseRewardedVideo",
          "IronSource.ISBaseAdInteractionAdapter",
          "IronSource.ISBaseAdAdapter",
          "ObjectiveC.NSObject"
        ],
        "conformances": [
          {
            "kind": "Conformance",
            "name": "Copyable",
            "printedName": "Copyable",
            "usr": "s:s8CopyableP",
            "mangledName": "$ss8CopyableP"
          },
          {
            "kind": "Conformance",
            "name": "Escapable",
            "printedName": "Escapable",
            "usr": "s:s9EscapableP",
            "mangledName": "$ss9EscapableP"
          },
          {
            "kind": "Conformance",
            "name": "Equatable",
            "printedName": "Equatable",
            "usr": "s:SQ",
            "mangledName": "$sSQ"
          },
          {
            "kind": "Conformance",
            "name": "Hashable",
            "printedName": "Hashable",
            "usr": "s:SH",
            "mangledName": "$sSH"
          },
          {
            "kind": "Conformance",
            "name": "CVarArg",
            "printedName": "CVarArg",
            "usr": "s:s7CVarArgP",
            "mangledName": "$ss7CVarArgP"
          },
          {
            "kind": "Conformance",
            "name": "_KeyValueCodingAndObservingPublishing",
            "printedName": "_KeyValueCodingAndObservingPublishing",
            "usr": "s:10Foundation37_KeyValueCodingAndObservingPublishingP",
            "mangledName": "$s10Foundation37_KeyValueCodingAndObservingPublishingP"
          },
          {
            "kind": "Conformance",
            "name": "_KeyValueCodingAndObserving",
            "printedName": "_KeyValueCodingAndObserving",
            "usr": "s:10Foundation27_KeyValueCodingAndObservingP",
            "mangledName": "$s10Foundation27_KeyValueCodingAndObservingP"
          },
          {
            "kind": "Conformance",
            "name": "CustomStringConvertible",
            "printedName": "CustomStringConvertible",
            "usr": "s:s23CustomStringConvertibleP",
            "mangledName": "$ss23CustomStringConvertibleP"
          },
          {
            "kind": "Conformance",
            "name": "CustomDebugStringConvertible",
            "printedName": "CustomDebugStringConvertible",
            "usr": "s:s28CustomDebugStringConvertibleP",
            "mangledName": "$ss28CustomDebugStringConvertibleP"
          },
          {
            "kind": "Conformance",
            "name": "RewardedAdDelegate",
            "printedName": "RewardedAdDelegate",
            "usr": "c:@M@ApptimismSDK@objc(pl)ApptimismRewardedAdDelegate",
            "mangledName": "$s12ApptimismSDK18RewardedAdDelegateP"
          },
          {
            "kind": "Conformance",
            "name": "AdvertisingDelegate",
            "printedName": "AdvertisingDelegate",
            "usr": "c:@M@ApptimismSDK@objc(pl)LoadedAdvertisingDelegate",
            "mangledName": "$s12ApptimismSDK19AdvertisingDelegateP"
          }
        ]
      }
    ],
    "json_format_version": 8
  },
  "ConstValues": [
    {
      "filePath": "\/Users\/v.zaharov\/src\/apptimism-sdk\/ios\/ISApptimismCustomAdapter\/ISApptimismCustomAdapter\/Internal\/Constants.swift",
      "kind": "StringLiteral",
      "offset": 154,
      "length": 10,
      "value": "\"cpmValue\""
    },
    {
      "filePath": "\/Users\/v.zaharov\/src\/apptimism-sdk\/ios\/ISApptimismCustomAdapter\/ISApptimismCustomAdapter\/Internal\/Constants.swift",
      "kind": "StringLiteral",
      "offset": 197,
      "length": 7,
      "value": "\"0.2.0\""
    },
    {
      "filePath": "\/Users\/v.zaharov\/src\/apptimism-sdk\/ios\/ISApptimismCustomAdapter\/ISApptimismCustomAdapter\/Internal\/WaterfallIdManager.swift",
      "kind": "StringLiteral",
      "offset": 204,
      "length": 34,
      "value": "\"com.apptimism.ironsource_adapter\""
    },
    {
      "filePath": "\/Users\/v.zaharov\/src\/apptimism-sdk\/ios\/ISApptimismCustomAdapter\/ISApptimismCustomAdapter\/ISApptimismCustomAdapter.swift",
      "kind": "StringLiteral",
      "offset": 352,
      "length": 8,
      "value": "\"sdkKey\""
    }
  ]
}