{
  "ABIRoot": {
    "kind": "Root",
    "name": "TopLevel",
    "printedName": "TopLevel",
    "children": [
      {
        "kind": "Import",
        "name": "Foundation",
        "printedName": "Foundation",
        "declKind": "Import",
        "moduleName": "ISApptimismCustomAdapter",
        "declAttributes": [
          "RawDocComment"
        ]
      },
      {
        "kind": "Import",
        "name": "ApptimismSDK",
        "printedName": "ApptimismSDK",
        "declKind": "Import",
        "moduleName": "ISApptimismCustomAdapter",
        "declAttributes": [
          "SPIAccessControl"
        ]
      },
      {
        "kind": "Import",
        "name": "IronSource",
        "printedName": "IronSource",
        "declKind": "Import",
        "moduleName": "ISApptimismCustomAdapter"
      },
      {
        "kind": "Import",
        "name": "ApptimismSDK",
        "printedName": "ApptimismSDK",
        "declKind": "Import",
        "moduleName": "ISApptimismCustomAdapter",
        "declAttributes": [
          "SPIAccessControl",
          "RawDocComment"
        ]
      },
      {
        "kind": "Import",
        "name": "IronSource",
        "printedName": "IronSource",
        "declKind": "Import",
        "moduleName": "ISApptimismCustomAdapter"
      },
      {
        "kind": "TypeDecl",
        "name": "ISApptimismCustomInterstitial",
        "printedName": "ISApptimismCustomInterstitial",
        "children": [
          {
            "kind": "Constructor",
            "name": "init",
            "printedName": "init(adUnit:adapterConfig:)",
            "children": [
              {
                "kind": "TypeNominal",
                "name": "ISApptimismCustomInterstitial",
                "printedName": "ISApptimismCustomAdapter.ISApptimismCustomInterstitial",
                "usr": "c:@M@ISApptimismCustomAdapter@objc(cs)ISApptimismCustomInterstitial"
              },
              {
                "kind": "TypeNominal",
                "name": "ISAdUnit",
                "printedName": "IronSource.ISAdUnit",
                "usr": "c:objc(cs)ISAdUnit"
              },
              {
                "kind": "TypeNominal",
                "name": "ISAdapterConfig",
                "printedName": "IronSource.ISAdapterConfig",
                "usr": "c:objc(cs)ISAdapterConfig"
              }
            ],
            "declKind": "Constructor",
            "usr": "c:@M@ISApptimismCustomAdapter@objc(cs)ISApptimismCustomInterstitial(im)initWithAdUnit:adapterConfig:",
            "mangledName": "$s24ISApptimismCustomAdapter0aB12InterstitialC6adUnit13adapterConfigACSo04ISAdF0C_So09ISAdapterH0Ctcfc",
            "moduleName": "ISApptimismCustomAdapter",
            "overriding": true,
            "objc_name": "initWithAdUnit:adapterConfig:",
            "declAttributes": [
              "Dynamic",
              "ObjC",
              "AccessControl",
              "Override",
              "RawDocComment"
            ],
            "init_kind": "Designated"
          },
          {
            "kind": "Constructor",
            "name": "init",
            "printedName": "init(adUnit:adapterConfig:adUnitObjectId:)",
            "children": [
              {
                "kind": "TypeNominal",
                "name": "ISApptimismCustomInterstitial",
                "printedName": "ISApptimismCustomAdapter.ISApptimismCustomInterstitial",
                "usr": "c:@M@ISApptimismCustomAdapter@objc(cs)ISApptimismCustomInterstitial"
              },
              {
                "kind": "TypeNominal",
                "name": "ISAdUnit",
                "printedName": "IronSource.ISAdUnit",
                "usr": "c:objc(cs)ISAdUnit"
              },
              {
                "kind": "TypeNominal",
                "name": "ISAdapterConfig",
                "printedName": "IronSource.ISAdapterConfig",
                "usr": "c:objc(cs)ISAdapterConfig"
              },
              {
                "kind": "TypeNominal",
                "name": "Optional",
                "printedName": "Foundation.UUID?",
                "children": [
                  {
                    "kind": "TypeNominal",
                    "name": "UUID",
                    "printedName": "Foundation.UUID",
                    "usr": "s:10Foundation4UUIDV"
                  }
                ],
                "usr": "s:Sq"
              }
            ],
            "declKind": "Constructor",
            "usr": "c:@M@ISApptimismCustomAdapter@objc(cs)ISApptimismCustomInterstitial(im)initWithAdUnit:adapterConfig:adUnitObjectId:",
            "mangledName": "$s24ISApptimismCustomAdapter0aB12InterstitialC6adUnit13adapterConfig0eF8ObjectIdACSo04ISAdF0C_So09ISAdapterH0C10Foundation4UUIDVSgtcfc",
            "moduleName": "ISApptimismCustomAdapter",
            "overriding": true,
            "objc_name": "initWithAdUnit:adapterConfig:adUnitObjectId:",
            "declAttributes": [
              "Dynamic",
              "ObjC",
              "AccessControl",
              "Override"
            ],
            "init_kind": "Designated"
          },
          {
            "kind": "Constructor",
            "name": "init",
            "printedName": "init(_:)",
            "children": [
              {
                "kind": "TypeNominal",
                "name": "ISApptimismCustomInterstitial",
                "printedName": "ISApptimismCustomAdapter.ISApptimismCustomInterstitial",
                "usr": "c:@M@ISApptimismCustomAdapter@objc(cs)ISApptimismCustomInterstitial"
              },
              {
                "kind": "TypeNominal",
                "name": "ISAdapterConfig",
                "printedName": "IronSource.ISAdapterConfig",
                "usr": "c:objc(cs)ISAdapterConfig"
              }
            ],
            "declKind": "Constructor",
            "usr": "c:@M@ISApptimismCustomAdapter@objc(cs)ISApptimismCustomInterstitial(im)init:",
            "mangledName": "$s24ISApptimismCustomAdapter0aB12InterstitialCyACSo15ISAdapterConfigCcfc",
            "moduleName": "ISApptimismCustomAdapter",
            "overriding": true,
            "objc_name": "init:",
            "declAttributes": [
              "Dynamic",
              "ObjC",
              "AccessControl",
              "Override"
            ],
            "init_kind": "Designated"
          },
          {
            "kind": "Constructor",
            "name": "init",
            "printedName": "init()",
            "children": [
              {
                "kind": "TypeNominal",
                "name": "ISApptimismCustomInterstitial",
                "printedName": "ISApptimismCustomAdapter.ISApptimismCustomInterstitial",
                "usr": "c:@M@ISApptimismCustomAdapter@objc(cs)ISApptimismCustomInterstitial"
              }
            ],
            "declKind": "Constructor",
            "usr": "c:@M@ISApptimismCustomAdapter@objc(cs)ISApptimismCustomInterstitial(im)init",
            "mangledName": "$s24ISApptimismCustomAdapter0aB12InterstitialCACycfc",
            "moduleName": "ISApptimismCustomAdapter",
            "overriding": true,
            "objc_name": "init",
            "declAttributes": [
              "Dynamic",
              "ObjC",
              "AccessControl",
              "Override"
            ],
            "init_kind": "Designated"
          },
          {
            "kind": "Function",
            "name": "loadAd",
            "printedName": "loadAd(with:delegate:)",
            "children": [
              {
                "kind": "TypeNominal",
                "name": "Void",
                "printedName": "()"
              },
              {
                "kind": "TypeNominal",
                "name": "ISAdData",
                "printedName": "IronSource.ISAdData",
                "usr": "c:objc(cs)ISAdData"
              },
              {
                "kind": "TypeNominal",
                "name": "ISInterstitialAdDelegate",
                "printedName": "IronSource.ISInterstitialAdDelegate",
                "usr": "c:objc(pl)ISInterstitialAdDelegate"
              }
            ],
            "declKind": "Func",
            "usr": "c:@M@ISApptimismCustomAdapter@objc(cs)ISApptimismCustomInterstitial(im)loadAdWithAdData:delegate:",
            "mangledName": "$s24ISApptimismCustomAdapter0aB12InterstitialC6loadAd4with8delegateySo8ISAdDataC_So014ISInterstitialF8Delegate_ptF",
            "moduleName": "ISApptimismCustomAdapter",
            "overriding": true,
            "objc_name": "loadAdWithAdData:delegate:",
            "declAttributes": [
              "Final",
              "ObjC",
              "Override",
              "AccessControl",
              "RawDocComment"
            ],
            "funcSelfKind": "NonMutating"
          },
          {
            "kind": "Function",
            "name": "isAdAvailable",
            "printedName": "isAdAvailable(with:)",
            "children": [
              {
                "kind": "TypeNominal",
                "name": "Bool",
                "printedName": "Swift.Bool",
                "usr": "s:Sb"
              },
              {
                "kind": "TypeNominal",
                "name": "ISAdData",
                "printedName": "IronSource.ISAdData",
                "usr": "c:objc(cs)ISAdData"
              }
            ],
            "declKind": "Func",
            "usr": "c:@M@ISApptimismCustomAdapter@objc(cs)ISApptimismCustomInterstitial(im)isAdAvailableWithAdData:",
            "mangledName": "$s24ISApptimismCustomAdapter0aB12InterstitialC13isAdAvailable4withSbSo8ISAdDataC_tF",
            "moduleName": "ISApptimismCustomAdapter",
            "overriding": true,
            "objc_name": "isAdAvailableWithAdData:",
            "declAttributes": [
              "Final",
              "ObjC",
              "Override",
              "AccessControl"
            ],
            "funcSelfKind": "NonMutating"
          },
          {
            "kind": "Function",
            "name": "showAd",
            "printedName": "showAd(with:adData:delegate:)",
            "children": [
              {
                "kind": "TypeNominal",
                "name": "Void",
                "printedName": "()"
              },
              {
                "kind": "TypeNominal",
                "name": "UIViewController",
                "printedName": "UIKit.UIViewController",
                "usr": "c:objc(cs)UIViewController"
              },
              {
                "kind": "TypeNominal",
                "name": "ISAdData",
                "printedName": "IronSource.ISAdData",
                "usr": "c:objc(cs)ISAdData"
              },
              {
                "kind": "TypeNominal",
                "name": "ISInterstitialAdDelegate",
                "printedName": "IronSource.ISInterstitialAdDelegate",
                "usr": "c:objc(pl)ISInterstitialAdDelegate"
              }
            ],
            "declKind": "Func",
            "usr": "c:@M@ISApptimismCustomAdapter@objc(cs)ISApptimismCustomInterstitial(im)showAdWithViewController:adData:delegate:",
            "mangledName": "$s24ISApptimismCustomAdapter0aB12InterstitialC6showAd4with6adData8delegateySo16UIViewControllerC_So04ISAdI0CSo014ISInterstitialF8Delegate_ptF",
            "moduleName": "ISApptimismCustomAdapter",
            "overriding": true,
            "objc_name": "showAdWithViewController:adData:delegate:",
            "declAttributes": [
              "Final",
              "ObjC",
              "Override",
              "AccessControl"
            ],
            "funcSelfKind": "NonMutating"
          },
          {
            "kind": "Function",
            "name": "adDidDisplay",
            "printedName": "adDidDisplay(_:)",
            "children": [
              {
                "kind": "TypeNominal",
                "name": "Void",
                "printedName": "()"
              },
              {
                "kind": "TypeNominal",
                "name": "Advertising",
                "printedName": "ApptimismSDK.Advertising",
                "usr": "c:@M@ApptimismSDK@objc(pl)ApptimismAdvertising"
              }
            ],
            "declKind": "Func",
            "usr": "c:@CM@ISApptimismCustomAdapter@objc(cs)ISApptimismCustomInterstitial(im)adDidDisplay:",
            "mangledName": "$s24ISApptimismCustomAdapter0aB12InterstitialC12adDidDisplayyy12ApptimismSDK11Advertising_pF",
            "moduleName": "ISApptimismCustomAdapter",
            "objc_name": "adDidDisplay:",
            "declAttributes": [
              "Final",
              "ObjC",
              "AccessControl"
            ],
            "isFromExtension": true,
            "funcSelfKind": "NonMutating"
          },
          {
            "kind": "Function",
            "name": "ad",
            "printedName": "ad(_:didFailToShowWithError:)",
            "children": [
              {
                "kind": "TypeNominal",
                "name": "Void",
                "printedName": "()"
              },
              {
                "kind": "TypeNominal",
                "name": "Advertising",
                "printedName": "ApptimismSDK.Advertising",
                "usr": "c:@M@ApptimismSDK@objc(pl)ApptimismAdvertising"
              },
              {
                "kind": "TypeNominal",
                "name": "Error",
                "printedName": "Swift.Error",
                "usr": "s:s5ErrorP"
              }
            ],
            "declKind": "Func",
            "usr": "c:@CM@ISApptimismCustomAdapter@objc(cs)ISApptimismCustomInterstitial(im)ad:didFailToShowWithError:",
            "mangledName": "$s24ISApptimismCustomAdapter0aB12InterstitialC2ad_22didFailToShowWithErrory12ApptimismSDK11Advertising_p_s0K0_ptF",
            "moduleName": "ISApptimismCustomAdapter",
            "objc_name": "ad:didFailToShowWithError:",
            "declAttributes": [
              "Final",
              "ObjC",
              "AccessControl"
            ],
            "isFromExtension": true,
            "funcSelfKind": "NonMutating"
          },
          {
            "kind": "Function",
            "name": "adDidDismiss",
            "printedName": "adDidDismiss(_:)",
            "children": [
              {
                "kind": "TypeNominal",
                "name": "Void",
                "printedName": "()"
              },
              {
                "kind": "TypeNominal",
                "name": "Advertising",
                "printedName": "ApptimismSDK.Advertising",
                "usr": "c:@M@ApptimismSDK@objc(pl)ApptimismAdvertising"
              }
            ],
            "declKind": "Func",
            "usr": "c:@CM@ISApptimismCustomAdapter@objc(cs)ISApptimismCustomInterstitial(im)adDidDismiss:",
            "mangledName": "$s24ISApptimismCustomAdapter0aB12InterstitialC12adDidDismissyy12ApptimismSDK11Advertising_pF",
            "moduleName": "ISApptimismCustomAdapter",
            "objc_name": "adDidDismiss:",
            "declAttributes": [
              "Final",
              "ObjC",
              "AccessControl"
            ],
            "isFromExtension": true,
            "funcSelfKind": "NonMutating"
          },
          {
            "kind": "Function",
            "name": "adDidRecordClick",
            "printedName": "adDidRecordClick(_:)",
            "children": [
              {
                "kind": "TypeNominal",
                "name": "Void",
                "printedName": "()"
              },
              {
                "kind": "TypeNominal",
                "name": "Advertising",
                "printedName": "ApptimismSDK.Advertising",
                "usr": "c:@M@ApptimismSDK@objc(pl)ApptimismAdvertising"
              }
            ],
            "declKind": "Func",
            "usr": "c:@CM@ISApptimismCustomAdapter@objc(cs)ISApptimismCustomInterstitial(im)adDidRecordClick:",
            "mangledName": "$s24ISApptimismCustomAdapter0aB12InterstitialC16adDidRecordClickyy12ApptimismSDK11Advertising_pF",
            "moduleName": "ISApptimismCustomAdapter",
            "objc_name": "adDidRecordClick:",
            "declAttributes": [
              "Final",
              "ObjC",
              "AccessControl"
            ],
            "isFromExtension": true,
            "funcSelfKind": "NonMutating"
          }
        ],
        "declKind": "Class",
        "usr": "c:@M@ISApptimismCustomAdapter@objc(cs)ISApptimismCustomInterstitial",
        "mangledName": "$s24ISApptimismCustomAdapter0aB12InterstitialC",
        "moduleName": "ISApptimismCustomAdapter",
        "objc_name": "ISApptimismCustomInterstitial",
        "declAttributes": [
          "Final",
          "AccessControl",
          "ObjC"
        ],
        "superclassUsr": "c:objc(cs)ISBaseInterstitial",
        "inheritsConvenienceInitializers": true,
        "superclassNames": [
          "IronSource.ISBaseInterstitial",
          "IronSource.ISBaseAdInteractionAdapter",
          "IronSource.ISBaseAdAdapter",
          "ObjectiveC.NSObject"
        ],
        "conformances": [
          {
            "kind": "Conformance",
            "name": "InterstitialAdDelegate",
            "printedName": "InterstitialAdDelegate",
            "usr": "c:@M@ApptimismSDK@objc(pl)ApptimismInterstitialAdDelegate",
            "mangledName": "$s12ApptimismSDK22InterstitialAdDelegateP"
          },
          {
            "kind": "Conformance",
            "name": "AdvertisingDelegate",
            "printedName": "AdvertisingDelegate",
            "usr": "c:@M@ApptimismSDK@objc(pl)LoadedAdvertisingDelegate",
            "mangledName": "$s12ApptimismSDK19AdvertisingDelegateP"
          },
          {
            "kind": "Conformance",
            "name": "Equatable",
            "printedName": "Equatable",
            "usr": "s:SQ",
            "mangledName": "$sSQ"
          },
          {
            "kind": "Conformance",
            "name": "Hashable",
            "printedName": "Hashable",
            "usr": "s:SH",
            "mangledName": "$sSH"
          },
          {
            "kind": "Conformance",
            "name": "CVarArg",
            "printedName": "CVarArg",
            "usr": "s:s7CVarArgP",
            "mangledName": "$ss7CVarArgP"
          },
          {
            "kind": "Conformance",
            "name": "_KeyValueCodingAndObservingPublishing",
            "printedName": "_KeyValueCodingAndObservingPublishing",
            "usr": "s:10Foundation37_KeyValueCodingAndObservingPublishingP",
            "mangledName": "$s10Foundation37_KeyValueCodingAndObservingPublishingP"
          },
          {
            "kind": "Conformance",
            "name": "_KeyValueCodingAndObserving",
            "printedName": "_KeyValueCodingAndObserving",
            "usr": "s:10Foundation27_KeyValueCodingAndObservingP",
            "mangledName": "$s10Foundation27_KeyValueCodingAndObservingP"
          },
          {
            "kind": "Conformance",
            "name": "CustomStringConvertible",
            "printedName": "CustomStringConvertible",
            "usr": "s:s23CustomStringConvertibleP",
            "mangledName": "$ss23CustomStringConvertibleP"
          },
          {
            "kind": "Conformance",
            "name": "CustomDebugStringConvertible",
            "printedName": "CustomDebugStringConvertible",
            "usr": "s:s28CustomDebugStringConvertibleP",
            "mangledName": "$ss28CustomDebugStringConvertibleP"
          }
        ]
      },
      {
        "kind": "Import",
        "name": "ApptimismSDK",
        "printedName": "ApptimismSDK",
        "declKind": "Import",
        "moduleName": "ISApptimismCustomAdapter",
        "declAttributes": [
          "SPIAccessControl",
          "RawDocComment"
        ]
      },
      {
        "kind": "Import",
        "name": "IronSource",
        "printedName": "IronSource",
        "declKind": "Import",
        "moduleName": "ISApptimismCustomAdapter"
      },
      {
        "kind": "Import",
        "name": "Combine",
        "printedName": "Combine",
        "declKind": "Import",
        "moduleName": "ISApptimismCustomAdapter"
      },
      {
        "kind": "TypeDecl",
        "name": "ISApptimismCustomAdapter",
        "printedName": "ISApptimismCustomAdapter",
        "children": [
          {
            "kind": "Function",
            "name": "`init`",
            "printedName": "`init`(_:delegate:)",
            "children": [
              {
                "kind": "TypeNominal",
                "name": "Void",
                "printedName": "()"
              },
              {
                "kind": "TypeNominal",
                "name": "ISAdData",
                "printedName": "IronSource.ISAdData",
                "usr": "c:objc(cs)ISAdData"
              },
              {
                "kind": "TypeNominal",
                "name": "ISNetworkInitializationDelegate",
                "printedName": "IronSource.ISNetworkInitializationDelegate",
                "usr": "c:objc(pl)ISNetworkInitializationDelegate"
              }
            ],
            "declKind": "Func",
            "usr": "c:@M@ISApptimismCustomAdapter@objc(cs)ISApptimismCustomAdapter(im)init:delegate:",
            "mangledName": "$s24ISApptimismCustomAdapterAAC4init_8delegateySo8ISAdDataC_So31ISNetworkInitializationDelegate_ptF",
            "moduleName": "ISApptimismCustomAdapter",
            "overriding": true,
            "objc_name": "init:delegate:",
            "declAttributes": [
              "Final",
              "ObjC",
              "Override",
              "AccessControl"
            ],
            "funcSelfKind": "NonMutating"
          },
          {
            "kind": "Function",
            "name": "networkSDKVersion",
            "printedName": "networkSDKVersion()",
            "children": [
              {
                "kind": "TypeNominal",
                "name": "String",
                "printedName": "Swift.String",
                "usr": "s:SS"
              }
            ],
            "declKind": "Func",
            "usr": "c:@M@ISApptimismCustomAdapter@objc(cs)ISApptimismCustomAdapter(im)networkSDKVersion",
            "mangledName": "$s24ISApptimismCustomAdapterAAC17networkSDKVersionSSyF",
            "moduleName": "ISApptimismCustomAdapter",
            "overriding": true,
            "objc_name": "networkSDKVersion",
            "declAttributes": [
              "Final",
              "ObjC",
              "Override",
              "AccessControl"
            ],
            "funcSelfKind": "NonMutating"
          },
          {
            "kind": "Function",
            "name": "adapterVersion",
            "printedName": "adapterVersion()",
            "children": [
              {
                "kind": "TypeNominal",
                "name": "String",
                "printedName": "Swift.String",
                "usr": "s:SS"
              }
            ],
            "declKind": "Func",
            "usr": "c:@M@ISApptimismCustomAdapter@objc(cs)ISApptimismCustomAdapter(im)adapterVersion",
            "mangledName": "$s24ISApptimismCustomAdapterAAC14adapterVersionSSyF",
            "moduleName": "ISApptimismCustomAdapter",
            "overriding": true,
            "objc_name": "adapterVersion",
            "declAttributes": [
              "Final",
              "ObjC",
              "Override",
              "AccessControl"
            ],
            "funcSelfKind": "NonMutating"
          },
          {
            "kind": "Function",
            "name": "setAdapterDebug",
            "printedName": "setAdapterDebug(_:)",
            "children": [
              {
                "kind": "TypeNominal",
                "name": "Void",
                "printedName": "()"
              },
              {
                "kind": "TypeNominal",
                "name": "Bool",
                "printedName": "Swift.Bool",
                "usr": "s:Sb"
              }
            ],
            "declKind": "Func",
            "usr": "c:@M@ISApptimismCustomAdapter@objc(cs)ISApptimismCustomAdapter(im)setAdapterDebug:",
            "mangledName": "$s24ISApptimismCustomAdapterAAC03setC5DebugyySbF",
            "moduleName": "ISApptimismCustomAdapter",
            "overriding": true,
            "objc_name": "setAdapterDebug:",
            "declAttributes": [
              "Final",
              "ObjC",
              "Override",
              "AccessControl"
            ],
            "funcSelfKind": "NonMutating"
          },
          {
            "kind": "Function",
            "name": "getLoadWhileShowSupportedState",
            "printedName": "getLoadWhileShowSupportedState(with:)",
            "children": [
              {
                "kind": "TypeNominal",
                "name": "ISLoadWhileShowSupportState",
                "printedName": "IronSource.ISLoadWhileShowSupportState",
                "usr": "c:@E@ISLoadWhileShowSupportState"
              },
              {
                "kind": "TypeNominal",
                "name": "ImplicitlyUnwrappedOptional",
                "printedName": "IronSource.ISAdapterConfig?",
                "children": [
                  {
                    "kind": "TypeNominal",
                    "name": "ISAdapterConfig",
                    "printedName": "IronSource.ISAdapterConfig",
                    "usr": "c:objc(cs)ISAdapterConfig"
                  }
                ],
                "usr": "s:Sq"
              }
            ],
            "declKind": "Func",
            "usr": "c:@M@ISApptimismCustomAdapter@objc(cs)ISApptimismCustomAdapter(im)getLoadWhileShowSupportedStateWithAdapterConfig:",
            "mangledName": "$s24ISApptimismCustomAdapterAAC30getLoadWhileShowSupportedState4withSo06ISLoadfg7SupportI0VSo15ISAdapterConfigCSg_tF",
            "moduleName": "ISApptimismCustomAdapter",
            "overriding": true,
            "objc_name": "getLoadWhileShowSupportedStateWithAdapterConfig:",
            "declAttributes": [
              "Final",
              "ObjC",
              "AccessControl",
              "Override"
            ],
            "funcSelfKind": "NonMutating"
          },
          {
            "kind": "Constructor",
            "name": "init",
            "printedName": "init()",
            "children": [
              {
                "kind": "TypeNominal",
                "name": "ISApptimismCustomAdapter",
                "printedName": "ISApptimismCustomAdapter.ISApptimismCustomAdapter",
                "usr": "c:@M@ISApptimismCustomAdapter@objc(cs)ISApptimismCustomAdapter"
              }
            ],
            "declKind": "Constructor",
            "usr": "c:@M@ISApptimismCustomAdapter@objc(cs)ISApptimismCustomAdapter(im)init",
            "mangledName": "$s24ISApptimismCustomAdapterAACABycfc",
            "moduleName": "ISApptimismCustomAdapter",
            "overriding": true,
            "implicit": true,
            "objc_name": "init",
            "declAttributes": [
              "Dynamic",
              "ObjC",
              "Override"
            ],
            "init_kind": "Designated"
          }
        ],
        "declKind": "Class",
        "usr": "c:@M@ISApptimismCustomAdapter@objc(cs)ISApptimismCustomAdapter",
        "mangledName": "$s24ISApptimismCustomAdapterAAC",
        "moduleName": "ISApptimismCustomAdapter",
        "objc_name": "ISApptimismCustomAdapter",
        "declAttributes": [
          "Final",
          "AccessControl",
          "ObjC"
        ],
        "superclassUsr": "c:objc(cs)ISBaseNetworkAdapter",
        "inheritsConvenienceInitializers": true,
        "superclassNames": [
          "IronSource.ISBaseNetworkAdapter",
          "ObjectiveC.NSObject"
        ],
        "conformances": [
          {
            "kind": "Conformance",
            "name": "Equatable",
            "printedName": "Equatable",
            "usr": "s:SQ",
            "mangledName": "$sSQ"
          },
          {
            "kind": "Conformance",
            "name": "Hashable",
            "printedName": "Hashable",
            "usr": "s:SH",
            "mangledName": "$sSH"
          },
          {
            "kind": "Conformance",
            "name": "CVarArg",
            "printedName": "CVarArg",
            "usr": "s:s7CVarArgP",
            "mangledName": "$ss7CVarArgP"
          },
          {
            "kind": "Conformance",
            "name": "_KeyValueCodingAndObservingPublishing",
            "printedName": "_KeyValueCodingAndObservingPublishing",
            "usr": "s:10Foundation37_KeyValueCodingAndObservingPublishingP",
            "mangledName": "$s10Foundation37_KeyValueCodingAndObservingPublishingP"
          },
          {
            "kind": "Conformance",
            "name": "_KeyValueCodingAndObserving",
            "printedName": "_KeyValueCodingAndObserving",
            "usr": "s:10Foundation27_KeyValueCodingAndObservingP",
            "mangledName": "$s10Foundation27_KeyValueCodingAndObservingP"
          },
          {
            "kind": "Conformance",
            "name": "CustomStringConvertible",
            "printedName": "CustomStringConvertible",
            "usr": "s:s23CustomStringConvertibleP",
            "mangledName": "$ss23CustomStringConvertibleP"
          },
          {
            "kind": "Conformance",
            "name": "CustomDebugStringConvertible",
            "printedName": "CustomDebugStringConvertible",
            "usr": "s:s28CustomDebugStringConvertibleP",
            "mangledName": "$ss28CustomDebugStringConvertibleP"
          }
        ]
      },
      {
        "kind": "Import",
        "name": "ApptimismSDK",
        "printedName": "ApptimismSDK",
        "declKind": "Import",
        "moduleName": "ISApptimismCustomAdapter",
        "declAttributes": [
          "SPIAccessControl",
          "RawDocComment"
        ]
      },
      {
        "kind": "Import",
        "name": "IronSource",
        "printedName": "IronSource",
        "declKind": "Import",
        "moduleName": "ISApptimismCustomAdapter"
      },
      {
        "kind": "TypeDecl",
        "name": "ISApptimismCustomRewardedVideo",
        "printedName": "ISApptimismCustomRewardedVideo",
        "children": [
          {
            "kind": "Constructor",
            "name": "init",
            "printedName": "init(adUnit:adapterConfig:)",
            "children": [
              {
                "kind": "TypeNominal",
                "name": "ISApptimismCustomRewardedVideo",
                "printedName": "ISApptimismCustomAdapter.ISApptimismCustomRewardedVideo",
                "usr": "c:@M@ISApptimismCustomAdapter@objc(cs)ISApptimismCustomRewardedVideo"
              },
              {
                "kind": "TypeNominal",
                "name": "ISAdUnit",
                "printedName": "IronSource.ISAdUnit",
                "usr": "c:objc(cs)ISAdUnit"
              },
              {
                "kind": "TypeNominal",
                "name": "ISAdapterConfig",
                "printedName": "IronSource.ISAdapterConfig",
                "usr": "c:objc(cs)ISAdapterConfig"
              }
            ],
            "declKind": "Constructor",
            "usr": "c:@M@ISApptimismCustomAdapter@objc(cs)ISApptimismCustomRewardedVideo(im)initWithAdUnit:adapterConfig:",
            "mangledName": "$s24ISApptimismCustomAdapter0aB13RewardedVideoC6adUnit13adapterConfigACSo04ISAdG0C_So09ISAdapterI0Ctcfc",
            "moduleName": "ISApptimismCustomAdapter",
            "overriding": true,
            "objc_name": "initWithAdUnit:adapterConfig:",
            "declAttributes": [
              "Dynamic",
              "ObjC",
              "AccessControl",
              "Override",
              "RawDocComment"
            ],
            "init_kind": "Designated"
          },
          {
            "kind": "Constructor",
            "name": "init",
            "printedName": "init(adUnit:adapterConfig:adUnitObjectId:)",
            "children": [
              {
                "kind": "TypeNominal",
                "name": "ISApptimismCustomRewardedVideo",
                "printedName": "ISApptimismCustomAdapter.ISApptimismCustomRewardedVideo",
                "usr": "c:@M@ISApptimismCustomAdapter@objc(cs)ISApptimismCustomRewardedVideo"
              },
              {
                "kind": "TypeNominal",
                "name": "ISAdUnit",
                "printedName": "IronSource.ISAdUnit",
                "usr": "c:objc(cs)ISAdUnit"
              },
              {
                "kind": "TypeNominal",
                "name": "ISAdapterConfig",
                "printedName": "IronSource.ISAdapterConfig",
                "usr": "c:objc(cs)ISAdapterConfig"
              },
              {
                "kind": "TypeNominal",
                "name": "Optional",
                "printedName": "Foundation.UUID?",
                "children": [
                  {
                    "kind": "TypeNominal",
                    "name": "UUID",
                    "printedName": "Foundation.UUID",
                    "usr": "s:10Foundation4UUIDV"
                  }
                ],
                "usr": "s:Sq"
              }
            ],
            "declKind": "Constructor",
            "usr": "c:@M@ISApptimismCustomAdapter@objc(cs)ISApptimismCustomRewardedVideo(im)initWithAdUnit:adapterConfig:adUnitObjectId:",
            "mangledName": "$s24ISApptimismCustomAdapter0aB13RewardedVideoC6adUnit13adapterConfig0fG8ObjectIdACSo04ISAdG0C_So09ISAdapterI0C10Foundation4UUIDVSgtcfc",
            "moduleName": "ISApptimismCustomAdapter",
            "overriding": true,
            "objc_name": "initWithAdUnit:adapterConfig:adUnitObjectId:",
            "declAttributes": [
              "Dynamic",
              "ObjC",
              "AccessControl",
              "Override"
            ],
            "init_kind": "Designated"
          },
          {
            "kind": "Constructor",
            "name": "init",
            "printedName": "init(_:)",
            "children": [
              {
                "kind": "TypeNominal",
                "name": "ISApptimismCustomRewardedVideo",
                "printedName": "ISApptimismCustomAdapter.ISApptimismCustomRewardedVideo",
                "usr": "c:@M@ISApptimismCustomAdapter@objc(cs)ISApptimismCustomRewardedVideo"
              },
              {
                "kind": "TypeNominal",
                "name": "ISAdapterConfig",
                "printedName": "IronSource.ISAdapterConfig",
                "usr": "c:objc(cs)ISAdapterConfig"
              }
            ],
            "declKind": "Constructor",
            "usr": "c:@M@ISApptimismCustomAdapter@objc(cs)ISApptimismCustomRewardedVideo(im)init:",
            "mangledName": "$s24ISApptimismCustomAdapter0aB13RewardedVideoCyACSo15ISAdapterConfigCcfc",
            "moduleName": "ISApptimismCustomAdapter",
            "overriding": true,
            "objc_name": "init:",
            "declAttributes": [
              "Dynamic",
              "ObjC",
              "AccessControl",
              "Override"
            ],
            "init_kind": "Designated"
          },
          {
            "kind": "Constructor",
            "name": "init",
            "printedName": "init()",
            "children": [
              {
                "kind": "TypeNominal",
                "name": "ISApptimismCustomRewardedVideo",
                "printedName": "ISApptimismCustomAdapter.ISApptimismCustomRewardedVideo",
                "usr": "c:@M@ISApptimismCustomAdapter@objc(cs)ISApptimismCustomRewardedVideo"
              }
            ],
            "declKind": "Constructor",
            "usr": "c:@M@ISApptimismCustomAdapter@objc(cs)ISApptimismCustomRewardedVideo(im)init",
            "mangledName": "$s24ISApptimismCustomAdapter0aB13RewardedVideoCACycfc",
            "moduleName": "ISApptimismCustomAdapter",
            "overriding": true,
            "objc_name": "init",
            "declAttributes": [
              "Dynamic",
              "ObjC",
              "AccessControl",
              "Override"
            ],
            "init_kind": "Designated"
          },
          {
            "kind": "Function",
            "name": "loadAd",
            "printedName": "loadAd(with:delegate:)",
            "children": [
              {
                "kind": "TypeNominal",
                "name": "Void",
                "printedName": "()"
              },
              {
                "kind": "TypeNominal",
                "name": "ISAdData",
                "printedName": "IronSource.ISAdData",
                "usr": "c:objc(cs)ISAdData"
              },
              {
                "kind": "TypeNominal",
                "name": "ISRewardedVideoAdDelegate",
                "printedName": "IronSource.ISRewardedVideoAdDelegate",
                "usr": "c:objc(pl)ISRewardedVideoAdDelegate"
              }
            ],
            "declKind": "Func",
            "usr": "c:@M@ISApptimismCustomAdapter@objc(cs)ISApptimismCustomRewardedVideo(im)loadAdWithAdData:delegate:",
            "mangledName": "$s24ISApptimismCustomAdapter0aB13RewardedVideoC6loadAd4with8delegateySo8ISAdDataC_So010ISRewardedeG8Delegate_ptF",
            "moduleName": "ISApptimismCustomAdapter",
            "overriding": true,
            "objc_name": "loadAdWithAdData:delegate:",
            "declAttributes": [
              "Final",
              "ObjC",
              "Override",
              "AccessControl",
              "RawDocComment"
            ],
            "funcSelfKind": "NonMutating"
          },
          {
            "kind": "Function",
            "name": "isAdAvailable",
            "printedName": "isAdAvailable(with:)",
            "children": [
              {
                "kind": "TypeNominal",
                "name": "Bool",
                "printedName": "Swift.Bool",
                "usr": "s:Sb"
              },
              {
                "kind": "TypeNominal",
                "name": "ISAdData",
                "printedName": "IronSource.ISAdData",
                "usr": "c:objc(cs)ISAdData"
              }
            ],
            "declKind": "Func",
            "usr": "c:@M@ISApptimismCustomAdapter@objc(cs)ISApptimismCustomRewardedVideo(im)isAdAvailableWithAdData:",
            "mangledName": "$s24ISApptimismCustomAdapter0aB13RewardedVideoC13isAdAvailable4withSbSo8ISAdDataC_tF",
            "moduleName": "ISApptimismCustomAdapter",
            "overriding": true,
            "objc_name": "isAdAvailableWithAdData:",
            "declAttributes": [
              "Final",
              "ObjC",
              "Override",
              "AccessControl"
            ],
            "funcSelfKind": "NonMutating"
          },
          {
            "kind": "Function",
            "name": "showAd",
            "printedName": "showAd(with:adData:delegate:)",
            "children": [
              {
                "kind": "TypeNominal",
                "name": "Void",
                "printedName": "()"
              },
              {
                "kind": "TypeNominal",
                "name": "UIViewController",
                "printedName": "UIKit.UIViewController",
                "usr": "c:objc(cs)UIViewController"
              },
              {
                "kind": "TypeNominal",
                "name": "ISAdData",
                "printedName": "IronSource.ISAdData",
                "usr": "c:objc(cs)ISAdData"
              },
              {
                "kind": "TypeNominal",
                "name": "ISRewardedVideoAdDelegate",
                "printedName": "IronSource.ISRewardedVideoAdDelegate",
                "usr": "c:objc(pl)ISRewardedVideoAdDelegate"
              }
            ],
            "declKind": "Func",
            "usr": "c:@M@ISApptimismCustomAdapter@objc(cs)ISApptimismCustomRewardedVideo(im)showAdWithViewController:adData:delegate:",
            "mangledName": "$s24ISApptimismCustomAdapter0aB13RewardedVideoC6showAd4with6adData8delegateySo16UIViewControllerC_So04ISAdJ0CSo010ISRewardedeG8Delegate_ptF",
            "moduleName": "ISApptimismCustomAdapter",
            "overriding": true,
            "objc_name": "showAdWithViewController:adData:delegate:",
            "declAttributes": [
              "Final",
              "ObjC",
              "Override",
              "AccessControl"
            ],
            "funcSelfKind": "NonMutating"
          },
          {
            "kind": "Function",
            "name": "adDidDisplay",
            "printedName": "adDidDisplay(_:)",
            "children": [
              {
                "kind": "TypeNominal",
                "name": "Void",
                "printedName": "()"
              },
              {
                "kind": "TypeNominal",
                "name": "Advertising",
                "printedName": "ApptimismSDK.Advertising",
                "usr": "c:@M@ApptimismSDK@objc(pl)ApptimismAdvertising"
              }
            ],
            "declKind": "Func",
            "usr": "c:@CM@ISApptimismCustomAdapter@objc(cs)ISApptimismCustomRewardedVideo(im)adDidDisplay:",
            "mangledName": "$s24ISApptimismCustomAdapter0aB13RewardedVideoC12adDidDisplayyy12ApptimismSDK11Advertising_pF",
            "moduleName": "ISApptimismCustomAdapter",
            "objc_name": "adDidDisplay:",
            "declAttributes": [
              "Final",
              "ObjC",
              "AccessControl"
            ],
            "isFromExtension": true,
            "funcSelfKind": "NonMutating"
          },
          {
            "kind": "Function",
            "name": "ad",
            "printedName": "ad(_:didFailToShowWithError:)",
            "children": [
              {
                "kind": "TypeNominal",
                "name": "Void",
                "printedName": "()"
              },
              {
                "kind": "TypeNominal",
                "name": "Advertising",
                "printedName": "ApptimismSDK.Advertising",
                "usr": "c:@M@ApptimismSDK@objc(pl)ApptimismAdvertising"
              },
              {
                "kind": "TypeNominal",
                "name": "Error",
                "printedName": "Swift.Error",
                "usr": "s:s5ErrorP"
              }
            ],
            "declKind": "Func",
            "usr": "c:@CM@ISApptimismCustomAdapter@objc(cs)ISApptimismCustomRewardedVideo(im)ad:didFailToShowWithError:",
            "mangledName": "$s24ISApptimismCustomAdapter0aB13RewardedVideoC2ad_22didFailToShowWithErrory12ApptimismSDK11Advertising_p_s0L0_ptF",
            "moduleName": "ISApptimismCustomAdapter",
            "objc_name": "ad:didFailToShowWithError:",
            "declAttributes": [
              "Final",
              "ObjC",
              "AccessControl"
            ],
            "isFromExtension": true,
            "funcSelfKind": "NonMutating"
          },
          {
            "kind": "Function",
            "name": "adDidDismiss",
            "printedName": "adDidDismiss(_:)",
            "children": [
              {
                "kind": "TypeNominal",
                "name": "Void",
                "printedName": "()"
              },
              {
                "kind": "TypeNominal",
                "name": "Advertising",
                "printedName": "ApptimismSDK.Advertising",
                "usr": "c:@M@ApptimismSDK@objc(pl)ApptimismAdvertising"
              }
            ],
            "declKind": "Func",
            "usr": "c:@CM@ISApptimismCustomAdapter@objc(cs)ISApptimismCustomRewardedVideo(im)adDidDismiss:",
            "mangledName": "$s24ISApptimismCustomAdapter0aB13RewardedVideoC12adDidDismissyy12ApptimismSDK11Advertising_pF",
            "moduleName": "ISApptimismCustomAdapter",
            "objc_name": "adDidDismiss:",
            "declAttributes": [
              "Final",
              "ObjC",
              "AccessControl"
            ],
            "isFromExtension": true,
            "funcSelfKind": "NonMutating"
          },
          {
            "kind": "Function",
            "name": "adDidRecordClick",
            "printedName": "adDidRecordClick(_:)",
            "children": [
              {
                "kind": "TypeNominal",
                "name": "Void",
                "printedName": "()"
              },
              {
                "kind": "TypeNominal",
                "name": "Advertising",
                "printedName": "ApptimismSDK.Advertising",
                "usr": "c:@M@ApptimismSDK@objc(pl)ApptimismAdvertising"
              }
            ],
            "declKind": "Func",
            "usr": "c:@CM@ISApptimismCustomAdapter@objc(cs)ISApptimismCustomRewardedVideo(im)adDidRecordClick:",
            "mangledName": "$s24ISApptimismCustomAdapter0aB13RewardedVideoC16adDidRecordClickyy12ApptimismSDK11Advertising_pF",
            "moduleName": "ISApptimismCustomAdapter",
            "objc_name": "adDidRecordClick:",
            "declAttributes": [
              "Final",
              "ObjC",
              "AccessControl"
            ],
            "isFromExtension": true,
            "funcSelfKind": "NonMutating"
          }
        ],
        "declKind": "Class",
        "usr": "c:@M@ISApptimismCustomAdapter@objc(cs)ISApptimismCustomRewardedVideo",
        "mangledName": "$s24ISApptimismCustomAdapter0aB13RewardedVideoC",
        "moduleName": "ISApptimismCustomAdapter",
        "objc_name": "ISApptimismCustomRewardedVideo",
        "declAttributes": [
          "Final",
          "AccessControl",
          "ObjC"
        ],
        "superclassUsr": "c:objc(cs)ISBaseRewardedVideo",
        "inheritsConvenienceInitializers": true,
        "superclassNames": [
          "IronSource.ISBaseRewardedVideo",
          "IronSource.ISBaseAdInteractionAdapter",
          "IronSource.ISBaseAdAdapter",
          "ObjectiveC.NSObject"
        ],
        "conformances": [
          {
            "kind": "Conformance",
            "name": "RewardedAdDelegate",
            "printedName": "RewardedAdDelegate",
            "usr": "c:@M@ApptimismSDK@objc(pl)ApptimismRewardedAdDelegate",
            "mangledName": "$s12ApptimismSDK18RewardedAdDelegateP"
          },
          {
            "kind": "Conformance",
            "name": "AdvertisingDelegate",
            "printedName": "AdvertisingDelegate",
            "usr": "c:@M@ApptimismSDK@objc(pl)LoadedAdvertisingDelegate",
            "mangledName": "$s12ApptimismSDK19AdvertisingDelegateP"
          },
          {
            "kind": "Conformance",
            "name": "Equatable",
            "printedName": "Equatable",
            "usr": "s:SQ",
            "mangledName": "$sSQ"
          },
          {
            "kind": "Conformance",
            "name": "Hashable",
            "printedName": "Hashable",
            "usr": "s:SH",
            "mangledName": "$sSH"
          },
          {
            "kind": "Conformance",
            "name": "CVarArg",
            "printedName": "CVarArg",
            "usr": "s:s7CVarArgP",
            "mangledName": "$ss7CVarArgP"
          },
          {
            "kind": "Conformance",
            "name": "_KeyValueCodingAndObservingPublishing",
            "printedName": "_KeyValueCodingAndObservingPublishing",
            "usr": "s:10Foundation37_KeyValueCodingAndObservingPublishingP",
            "mangledName": "$s10Foundation37_KeyValueCodingAndObservingPublishingP"
          },
          {
            "kind": "Conformance",
            "name": "_KeyValueCodingAndObserving",
            "printedName": "_KeyValueCodingAndObserving",
            "usr": "s:10Foundation27_KeyValueCodingAndObservingP",
            "mangledName": "$s10Foundation27_KeyValueCodingAndObservingP"
          },
          {
            "kind": "Conformance",
            "name": "CustomStringConvertible",
            "printedName": "CustomStringConvertible",
            "usr": "s:s23CustomStringConvertibleP",
            "mangledName": "$ss23CustomStringConvertibleP"
          },
          {
            "kind": "Conformance",
            "name": "CustomDebugStringConvertible",
            "printedName": "CustomDebugStringConvertible",
            "usr": "s:s28CustomDebugStringConvertibleP",
            "mangledName": "$ss28CustomDebugStringConvertibleP"
          }
        ]
      }
    ],
    "json_format_version": 8
  },
  "ConstValues": [
    {
      "filePath": "\/Users\/v.zaharov\/src\/apptimism-sdk\/ios\/ISApptimismCustomAdapter\/ISApptimismCustomAdapter\/Internal\/Constants.swift",
      "kind": "StringLiteral",
      "offset": 154,
      "length": 10,
      "value": "\"cpmValue\""
    },
    {
      "filePath": "\/Users\/v.zaharov\/src\/apptimism-sdk\/ios\/ISApptimismCustomAdapter\/ISApptimismCustomAdapter\/Internal\/Constants.swift",
      "kind": "StringLiteral",
      "offset": 197,
      "length": 7,
      "value": "\"0.0.7\""
    },
    {
      "filePath": "\/Users\/v.zaharov\/src\/apptimism-sdk\/ios\/ISApptimismCustomAdapter\/ISApptimismCustomAdapter\/Internal\/RevenueTracker.swift",
      "kind": "StringLiteral",
      "offset": 424,
      "length": 27,
      "value": "\"Starting revenue tracking\""
    },
    {
      "filePath": "\/Users\/v.zaharov\/src\/apptimism-sdk\/ios\/ISApptimismCustomAdapter\/ISApptimismCustomAdapter\/Internal\/RevenueTracker.swift",
      "kind": "StringLiteral",
      "offset": 589,
      "length": 26,
      "value": "\"Received ad revenue data\""
    },
    {
      "filePath": "\/Users\/v.zaharov\/src\/apptimism-sdk\/ios\/ISApptimismCustomAdapter\/ISApptimismCustomAdapter\/Internal\/RevenueTracker.swift",
      "kind": "StringLiteral",
      "offset": 1104,
      "length": 5,
      "value": "\"USD\""
    },
    {
      "filePath": "\/Users\/v.zaharov\/src\/apptimism-sdk\/ios\/ISApptimismCustomAdapter\/ISApptimismCustomAdapter\/Internal\/RevenueTracker.swift",
      "kind": "StringLiteral",
      "offset": 197,
      "length": 14,
      "value": "\"ISApptimismCustomAdapter.RevenueTracker\""
    },
    {
      "filePath": "\/Users\/v.zaharov\/src\/apptimism-sdk\/ios\/ISApptimismCustomAdapter\/ISApptimismCustomAdapter\/ISApptimismCustomInterstitialVideo.swift",
      "kind": "StringLiteral",
      "offset": 1009,
      "length": 35,
      "value": "\"Creating ad (\""
    },
    {
      "filePath": "\/Users\/v.zaharov\/src\/apptimism-sdk\/ios\/ISApptimismCustomAdapter\/ISApptimismCustomAdapter\/ISApptimismCustomInterstitialVideo.swift",
      "kind": "StringLiteral",
      "offset": 1039,
      "length": 2,
      "value": "\"\""
    },
    {
      "filePath": "\/Users\/v.zaharov\/src\/apptimism-sdk\/ios\/ISApptimismCustomAdapter\/ISApptimismCustomAdapter\/ISApptimismCustomInterstitialVideo.swift",
      "kind": "StringLiteral",
      "offset": 1042,
      "length": 1,
      "value": "\")\""
    },
    {
      "filePath": "\/Users\/v.zaharov\/src\/apptimism-sdk\/ios\/ISApptimismCustomAdapter\/ISApptimismCustomAdapter\/ISApptimismCustomInterstitialVideo.swift",
      "kind": "StringLiteral",
      "offset": 1278,
      "length": 35,
      "value": "\"Creating ad (\""
    },
    {
      "filePath": "\/Users\/v.zaharov\/src\/apptimism-sdk\/ios\/ISApptimismCustomAdapter\/ISApptimismCustomAdapter\/ISApptimismCustomInterstitialVideo.swift",
      "kind": "StringLiteral",
      "offset": 1308,
      "length": 2,
      "value": "\"\""
    },
    {
      "filePath": "\/Users\/v.zaharov\/src\/apptimism-sdk\/ios\/ISApptimismCustomAdapter\/ISApptimismCustomAdapter\/ISApptimismCustomInterstitialVideo.swift",
      "kind": "StringLiteral",
      "offset": 1311,
      "length": 1,
      "value": "\")\""
    },
    {
      "filePath": "\/Users\/v.zaharov\/src\/apptimism-sdk\/ios\/ISApptimismCustomAdapter\/ISApptimismCustomAdapter\/ISApptimismCustomInterstitialVideo.swift",
      "kind": "StringLiteral",
      "offset": 1447,
      "length": 35,
      "value": "\"Creating ad (\""
    },
    {
      "filePath": "\/Users\/v.zaharov\/src\/apptimism-sdk\/ios\/ISApptimismCustomAdapter\/ISApptimismCustomAdapter\/ISApptimismCustomInterstitialVideo.swift",
      "kind": "StringLiteral",
      "offset": 1477,
      "length": 2,
      "value": "\"\""
    },
    {
      "filePath": "\/Users\/v.zaharov\/src\/apptimism-sdk\/ios\/ISApptimismCustomAdapter\/ISApptimismCustomAdapter\/ISApptimismCustomInterstitialVideo.swift",
      "kind": "StringLiteral",
      "offset": 1480,
      "length": 1,
      "value": "\")\""
    },
    {
      "filePath": "\/Users\/v.zaharov\/src\/apptimism-sdk\/ios\/ISApptimismCustomAdapter\/ISApptimismCustomAdapter\/ISApptimismCustomInterstitialVideo.swift",
      "kind": "StringLiteral",
      "offset": 1735,
      "length": 37,
      "value": "\"Destroying ad (\""
    },
    {
      "filePath": "\/Users\/v.zaharov\/src\/apptimism-sdk\/ios\/ISApptimismCustomAdapter\/ISApptimismCustomAdapter\/ISApptimismCustomInterstitialVideo.swift",
      "kind": "StringLiteral",
      "offset": 1767,
      "length": 2,
      "value": "\"\""
    },
    {
      "filePath": "\/Users\/v.zaharov\/src\/apptimism-sdk\/ios\/ISApptimismCustomAdapter\/ISApptimismCustomAdapter\/ISApptimismCustomInterstitialVideo.swift",
      "kind": "StringLiteral",
      "offset": 1770,
      "length": 1,
      "value": "\")\""
    },
    {
      "filePath": "\/Users\/v.zaharov\/src\/apptimism-sdk\/ios\/ISApptimismCustomAdapter\/ISApptimismCustomAdapter\/ISApptimismCustomInterstitialVideo.swift",
      "kind": "StringLiteral",
      "offset": 2157,
      "length": 76,
      "value": "\"Loading interstitial ad (\""
    },
    {
      "filePath": "\/Users\/v.zaharov\/src\/apptimism-sdk\/ios\/ISApptimismCustomAdapter\/ISApptimismCustomAdapter\/ISApptimismCustomInterstitialVideo.swift",
      "kind": "StringLiteral",
      "offset": 2199,
      "length": 2,
      "value": "\"\""
    },
    {
      "filePath": "\/Users\/v.zaharov\/src\/apptimism-sdk\/ios\/ISApptimismCustomAdapter\/ISApptimismCustomAdapter\/ISApptimismCustomInterstitialVideo.swift",
      "kind": "StringLiteral",
      "offset": 2202,
      "length": 1,
      "value": "\", waterfallId: \""
    },
    {
      "filePath": "\/Users\/v.zaharov\/src\/apptimism-sdk\/ios\/ISApptimismCustomAdapter\/ISApptimismCustomAdapter\/ISApptimismCustomInterstitialVideo.swift",
      "kind": "StringLiteral",
      "offset": 2231,
      "length": 1,
      "value": "\")\""
    },
    {
      "filePath": "\/Users\/v.zaharov\/src\/apptimism-sdk\/ios\/ISApptimismCustomAdapter\/ISApptimismCustomAdapter\/ISApptimismCustomInterstitialVideo.swift",
      "kind": "StringLiteral",
      "offset": 2410,
      "length": 2,
      "value": "\"\""
    },
    {
      "filePath": "\/Users\/v.zaharov\/src\/apptimism-sdk\/ios\/ISApptimismCustomAdapter\/ISApptimismCustomAdapter\/ISApptimismCustomInterstitialVideo.swift",
      "kind": "IntegerLiteral",
      "offset": 2592,
      "length": 1,
      "value": "1"
    },
    {
      "filePath": "\/Users\/v.zaharov\/src\/apptimism-sdk\/ios\/ISApptimismCustomAdapter\/ISApptimismCustomAdapter\/ISApptimismCustomInterstitialVideo.swift",
      "kind": "StringLiteral",
      "offset": 2609,
      "length": 15,
      "value": "\"Loading error\""
    },
    {
      "filePath": "\/Users\/v.zaharov\/src\/apptimism-sdk\/ios\/ISApptimismCustomAdapter\/ISApptimismCustomAdapter\/ISApptimismCustomInterstitialVideo.swift",
      "kind": "StringLiteral",
      "offset": 3044,
      "length": 34,
      "value": "\"Showing ad (\""
    },
    {
      "filePath": "\/Users\/v.zaharov\/src\/apptimism-sdk\/ios\/ISApptimismCustomAdapter\/ISApptimismCustomAdapter\/ISApptimismCustomInterstitialVideo.swift",
      "kind": "StringLiteral",
      "offset": 3073,
      "length": 2,
      "value": "\"\""
    },
    {
      "filePath": "\/Users\/v.zaharov\/src\/apptimism-sdk\/ios\/ISApptimismCustomAdapter\/ISApptimismCustomAdapter\/ISApptimismCustomInterstitialVideo.swift",
      "kind": "StringLiteral",
      "offset": 3076,
      "length": 1,
      "value": "\")\""
    },
    {
      "filePath": "\/Users\/v.zaharov\/src\/apptimism-sdk\/ios\/ISApptimismCustomAdapter\/ISApptimismCustomAdapter\/ISApptimismCustomInterstitialVideo.swift",
      "kind": "StringLiteral",
      "offset": 3206,
      "length": 18,
      "value": "\"Ad wasn't loaded\""
    },
    {
      "filePath": "\/Users\/v.zaharov\/src\/apptimism-sdk\/ios\/ISApptimismCustomAdapter\/ISApptimismCustomAdapter\/ISApptimismCustomInterstitialVideo.swift",
      "kind": "IntegerLiteral",
      "offset": 3765,
      "length": 1,
      "value": "1"
    },
    {
      "filePath": "\/Users\/v.zaharov\/src\/apptimism-sdk\/ios\/ISApptimismCustomAdapter\/ISApptimismCustomAdapter\/ISApptimismCustomInterstitialVideo.swift",
      "kind": "StringLiteral",
      "offset": 3782,
      "length": 12,
      "value": "\"Show error\""
    },
    {
      "filePath": "\/Users\/v.zaharov\/src\/apptimism-sdk\/ios\/ISApptimismCustomAdapter\/ISApptimismCustomAdapter\/Internal\/WaterfallIdManager.swift",
      "kind": "StringLiteral",
      "offset": 204,
      "length": 34,
      "value": "\"com.apptimism.ironsource_adapter\""
    },
    {
      "filePath": "\/Users\/v.zaharov\/src\/apptimism-sdk\/ios\/ISApptimismCustomAdapter\/ISApptimismCustomAdapter\/ISApptimismCustomAdapter.swift",
      "kind": "StringLiteral",
      "offset": 352,
      "length": 8,
      "value": "\"sdkKey\""
    },
    {
      "filePath": "\/Users\/v.zaharov\/src\/apptimism-sdk\/ios\/ISApptimismCustomAdapter\/ISApptimismCustomAdapter\/ISApptimismCustomAdapter.swift",
      "kind": "StringLiteral",
      "offset": 703,
      "length": 60,
      "value": "\"[ISApptimismCustomAdapter] Failed to get keys to start SDK\""
    },
    {
      "filePath": "\/Users\/v.zaharov\/src\/apptimism-sdk\/ios\/ISApptimismCustomAdapter\/ISApptimismCustomAdapter\/ISApptimismCustomAdapter.swift",
      "kind": "StringLiteral",
      "offset": 867,
      "length": 33,
      "value": "\"Failed to get keys to start SDK\""
    },
    {
      "filePath": "\/Users\/v.zaharov\/src\/apptimism-sdk\/ios\/ISApptimismCustomAdapter\/ISApptimismCustomAdapter\/ISApptimismCustomAdapter.swift",
      "kind": "StringLiteral",
      "offset": 998,
      "length": 66,
      "value": "\"[ISApptimismCustomAdapter] Second start was registered, skipping\""
    },
    {
      "filePath": "\/Users\/v.zaharov\/src\/apptimism-sdk\/ios\/ISApptimismCustomAdapter\/ISApptimismCustomAdapter\/ISApptimismCustomAdapter.swift",
      "kind": "StringLiteral",
      "offset": 1608,
      "length": 57,
      "value": "\"[ISApptimismCustomAdapter] Failed to start SDK \""
    },
    {
      "filePath": "\/Users\/v.zaharov\/src\/apptimism-sdk\/ios\/ISApptimismCustomAdapter\/ISApptimismCustomAdapter\/ISApptimismCustomAdapter.swift",
      "kind": "StringLiteral",
      "offset": 1664,
      "length": 2,
      "value": "\"\""
    },
    {
      "filePath": "\/Users\/v.zaharov\/src\/apptimism-sdk\/ios\/ISApptimismCustomAdapter\/ISApptimismCustomAdapter\/ISApptimismCustomAdapter.swift",
      "kind": "StringLiteral",
      "offset": 1769,
      "length": 30,
      "value": "\"Failed to start SDK \""
    },
    {
      "filePath": "\/Users\/v.zaharov\/src\/apptimism-sdk\/ios\/ISApptimismCustomAdapter\/ISApptimismCustomAdapter\/ISApptimismCustomAdapter.swift",
      "kind": "StringLiteral",
      "offset": 1798,
      "length": 2,
      "value": "\"\""
    },
    {
      "filePath": "\/Users\/v.zaharov\/src\/apptimism-sdk\/ios\/ISApptimismCustomAdapter\/ISApptimismCustomAdapter\/ISApptimismCustomRewardedVideo.swift",
      "kind": "StringLiteral",
      "offset": 1006,
      "length": 35,
      "value": "\"Creating ad (\""
    },
    {
      "filePath": "\/Users\/v.zaharov\/src\/apptimism-sdk\/ios\/ISApptimismCustomAdapter\/ISApptimismCustomAdapter\/ISApptimismCustomRewardedVideo.swift",
      "kind": "StringLiteral",
      "offset": 1036,
      "length": 2,
      "value": "\"\""
    },
    {
      "filePath": "\/Users\/v.zaharov\/src\/apptimism-sdk\/ios\/ISApptimismCustomAdapter\/ISApptimismCustomAdapter\/ISApptimismCustomRewardedVideo.swift",
      "kind": "StringLiteral",
      "offset": 1039,
      "length": 1,
      "value": "\")\""
    },
    {
      "filePath": "\/Users\/v.zaharov\/src\/apptimism-sdk\/ios\/ISApptimismCustomAdapter\/ISApptimismCustomAdapter\/ISApptimismCustomRewardedVideo.swift",
      "kind": "StringLiteral",
      "offset": 1275,
      "length": 35,
      "value": "\"Creating ad (\""
    },
    {
      "filePath": "\/Users\/v.zaharov\/src\/apptimism-sdk\/ios\/ISApptimismCustomAdapter\/ISApptimismCustomAdapter\/ISApptimismCustomRewardedVideo.swift",
      "kind": "StringLiteral",
      "offset": 1305,
      "length": 2,
      "value": "\"\""
    },
    {
      "filePath": "\/Users\/v.zaharov\/src\/apptimism-sdk\/ios\/ISApptimismCustomAdapter\/ISApptimismCustomAdapter\/ISApptimismCustomRewardedVideo.swift",
      "kind": "StringLiteral",
      "offset": 1308,
      "length": 1,
      "value": "\")\""
    },
    {
      "filePath": "\/Users\/v.zaharov\/src\/apptimism-sdk\/ios\/ISApptimismCustomAdapter\/ISApptimismCustomAdapter\/ISApptimismCustomRewardedVideo.swift",
      "kind": "StringLiteral",
      "offset": 1444,
      "length": 35,
      "value": "\"Creating ad (\""
    },
    {
      "filePath": "\/Users\/v.zaharov\/src\/apptimism-sdk\/ios\/ISApptimismCustomAdapter\/ISApptimismCustomAdapter\/ISApptimismCustomRewardedVideo.swift",
      "kind": "StringLiteral",
      "offset": 1474,
      "length": 2,
      "value": "\"\""
    },
    {
      "filePath": "\/Users\/v.zaharov\/src\/apptimism-sdk\/ios\/ISApptimismCustomAdapter\/ISApptimismCustomAdapter\/ISApptimismCustomRewardedVideo.swift",
      "kind": "StringLiteral",
      "offset": 1477,
      "length": 1,
      "value": "\")\""
    },
    {
      "filePath": "\/Users\/v.zaharov\/src\/apptimism-sdk\/ios\/ISApptimismCustomAdapter\/ISApptimismCustomAdapter\/ISApptimismCustomRewardedVideo.swift",
      "kind": "StringLiteral",
      "offset": 1732,
      "length": 37,
      "value": "\"Destroying ad (\""
    },
    {
      "filePath": "\/Users\/v.zaharov\/src\/apptimism-sdk\/ios\/ISApptimismCustomAdapter\/ISApptimismCustomAdapter\/ISApptimismCustomRewardedVideo.swift",
      "kind": "StringLiteral",
      "offset": 1764,
      "length": 2,
      "value": "\"\""
    },
    {
      "filePath": "\/Users\/v.zaharov\/src\/apptimism-sdk\/ios\/ISApptimismCustomAdapter\/ISApptimismCustomAdapter\/ISApptimismCustomRewardedVideo.swift",
      "kind": "StringLiteral",
      "offset": 1767,
      "length": 1,
      "value": "\")\""
    },
    {
      "filePath": "\/Users\/v.zaharov\/src\/apptimism-sdk\/ios\/ISApptimismCustomAdapter\/ISApptimismCustomAdapter\/ISApptimismCustomRewardedVideo.swift",
      "kind": "StringLiteral",
      "offset": 2152,
      "length": 63,
      "value": "\"Loading ad (\""
    },
    {
      "filePath": "\/Users\/v.zaharov\/src\/apptimism-sdk\/ios\/ISApptimismCustomAdapter\/ISApptimismCustomAdapter\/ISApptimismCustomRewardedVideo.swift",
      "kind": "StringLiteral",
      "offset": 2181,
      "length": 2,
      "value": "\"\""
    },
    {
      "filePath": "\/Users\/v.zaharov\/src\/apptimism-sdk\/ios\/ISApptimismCustomAdapter\/ISApptimismCustomAdapter\/ISApptimismCustomRewardedVideo.swift",
      "kind": "StringLiteral",
      "offset": 2184,
      "length": 1,
      "value": "\", waterfallId: \""
    },
    {
      "filePath": "\/Users\/v.zaharov\/src\/apptimism-sdk\/ios\/ISApptimismCustomAdapter\/ISApptimismCustomAdapter\/ISApptimismCustomRewardedVideo.swift",
      "kind": "StringLiteral",
      "offset": 2213,
      "length": 1,
      "value": "\")\""
    },
    {
      "filePath": "\/Users\/v.zaharov\/src\/apptimism-sdk\/ios\/ISApptimismCustomAdapter\/ISApptimismCustomAdapter\/ISApptimismCustomRewardedVideo.swift",
      "kind": "StringLiteral",
      "offset": 2392,
      "length": 2,
      "value": "\"\""
    },
    {
      "filePath": "\/Users\/v.zaharov\/src\/apptimism-sdk\/ios\/ISApptimismCustomAdapter\/ISApptimismCustomAdapter\/ISApptimismCustomRewardedVideo.swift",
      "kind": "IntegerLiteral",
      "offset": 2570,
      "length": 1,
      "value": "1"
    },
    {
      "filePath": "\/Users\/v.zaharov\/src\/apptimism-sdk\/ios\/ISApptimismCustomAdapter\/ISApptimismCustomAdapter\/ISApptimismCustomRewardedVideo.swift",
      "kind": "StringLiteral",
      "offset": 2587,
      "length": 15,
      "value": "\"Loading error\""
    },
    {
      "filePath": "\/Users\/v.zaharov\/src\/apptimism-sdk\/ios\/ISApptimismCustomAdapter\/ISApptimismCustomAdapter\/ISApptimismCustomRewardedVideo.swift",
      "kind": "StringLiteral",
      "offset": 3023,
      "length": 34,
      "value": "\"Showing ad (\""
    },
    {
      "filePath": "\/Users\/v.zaharov\/src\/apptimism-sdk\/ios\/ISApptimismCustomAdapter\/ISApptimismCustomAdapter\/ISApptimismCustomRewardedVideo.swift",
      "kind": "StringLiteral",
      "offset": 3052,
      "length": 2,
      "value": "\"\""
    },
    {
      "filePath": "\/Users\/v.zaharov\/src\/apptimism-sdk\/ios\/ISApptimismCustomAdapter\/ISApptimismCustomAdapter\/ISApptimismCustomRewardedVideo.swift",
      "kind": "StringLiteral",
      "offset": 3055,
      "length": 1,
      "value": "\")\""
    },
    {
      "filePath": "\/Users\/v.zaharov\/src\/apptimism-sdk\/ios\/ISApptimismCustomAdapter\/ISApptimismCustomAdapter\/ISApptimismCustomRewardedVideo.swift",
      "kind": "StringLiteral",
      "offset": 3185,
      "length": 18,
      "value": "\"Ad wasn't loaded\""
    },
    {
      "filePath": "\/Users\/v.zaharov\/src\/apptimism-sdk\/ios\/ISApptimismCustomAdapter\/ISApptimismCustomAdapter\/ISApptimismCustomRewardedVideo.swift",
      "kind": "IntegerLiteral",
      "offset": 3729,
      "length": 1,
      "value": "1"
    },
    {
      "filePath": "\/Users\/v.zaharov\/src\/apptimism-sdk\/ios\/ISApptimismCustomAdapter\/ISApptimismCustomAdapter\/ISApptimismCustomRewardedVideo.swift",
      "kind": "StringLiteral",
      "offset": 3746,
      "length": 16,
      "value": "\"Internal Error\""
    }
  ]
}